# callgrind format
version: 1
creator: callgrind-3.23.0
pid: 276424
cmd:  ./bin/minimizer_demo
part: 1


desc: I1 cache: 
desc: D1 cache: 
desc: LL cache: 

desc: Timerange: Basic block 0 - 568051345820
desc: Trigger: Program termination

positions: line
events: Ir
summary: 2332979432892


ob=(6) /usr/lib/libglib-2.0.so.0.8000.5
fl=(162) ???
fn=(548) 0x000000000001e2a0
0 12

fn=(1562) 0x000000000001e250
0 9
cob=(2) /usr/lib/libc.so.6
cfi=(332) /usr/src/debug/glibc/glibc/stdlib/cxa_finalize.c
cfn=(1528) __cxa_finalize
calls=1 45 
0 78
0 1
cfn=(1570) 0x000000000001e1e0
calls=1 0 
0 5
0 3

fn=(1570)
0 5

fl=(163) /usr/src/debug/glib2/build/../glib/glib/glib-init.c
fn=(568) g_debug_init
349 1
-26 1
+26 2
+1 11
-27 1
cob=(2)
cfi=(164) /usr/src/debug/glibc/glibc/stdlib/getenv.c
cfn=(558) getenv
calls=1 24 
* 788
+3 2
+33 1
+2 2
+1 8

fn=(554) glib_init_ctor
517 1
369 3
517 1
372 1
517 1
374 1
cfn=(556) g_messages_prefixed_init
calls=1 -40 
* 824
+1 1
cfn=(568)
calls=1 -26 
* 817
fi=(167) /usr/src/debug/glib2/build/../glib/glib/gquark.c
63 2
+1 3
cfi=(168) /usr/src/debug/glib2/build/../glib/glib/ghash.c
cfn=(572) g_hash_table_new
calls=1 978 
* 2418
+1 1
-1 1
+1 1
cfi=(170) /usr/src/debug/glib2/build/../glib/glib/gmem.c
cfn=(578) g_malloc
calls=1 +30 
* 190
+1 1
fi=(337) /usr/src/debug/glib2/build/../glib/glib/gerror.c
-16 2
fi=(167)
+15 1
+1 1
+1 1
fi=(337)
-17 1
cfi=(168)
cfn=(572)
calls=1 978 
* 783
fe=(163)
519 1
fi=(337)
50 1
fe=(163)
519 1

fn=(556)
334 1
-11 1
+11 3
+10 1
-9 20
-12 1
cob=(2)
cfi=(164)
cfn=(558)
calls=1 24 
* 788
+3 2
+18 1
+1 6

fl=(252) /usr/src/debug/glib2/build/../glib/glib/gstrfuncs.c
fn=(1056) g_memdup2
381 22748
+3 45496
-3 113740
+3 68244
+2 45496
cfi=(170)
cfn=(578)
calls=22748 95 
* 1342132
fi=(219) /usr/include/bits/string_fortified.h
29 68244
fe=(252)
386 22748
fi=(219)
29 22748
cob=(2)
cfi=(205) /usr/src/debug/glibc/glibc/string/../sysdeps/x86_64/multiarch/memmove-vec-unaligned-erms.S
cfn=(1060) __memcpy_chk_avx_unaligned_erms
calls=22748 249 
* 432212
fe=(252)
393 45496
fi=(219)
29 22748
fe=(252)
393 68244

fl=(198) /usr/src/debug/glib2/build/../glib/glib/garray.c
fn=(810) g_array_maybe_expand
1061 870667732
-8 870667732
+8 870667732
-8 6094674124
+8 1741335464
+3 870667732
-3 4353338660
+3 3482670928
+3 1741335464
+1 1741335464
+14 5209338054
-12 4889446
fi=(217) /usr/src/debug/glib2/build/../glib/glib/gutilsprivate.h
42 2444723
+2 4889446
+2 7334169
+1 7334169
+1 7334169
+1 7334169
+1 7334169
+2 7334169
+3 2444723
fe=(198)
1071 4889446
+1 2444723
+2 2444723
-2 4889446
+2 4889446
cfi=(170)
cfn=(610) g_realloc
calls=2444723 166 
* 9984022344
+2 2444723
-2 2444723
+2 7334169
+4 19557784
+2 14668338

fn=(904) g_array_free
513 832025
+4 332810
+2 665620
+3 332810
cfi=(178) /usr/src/debug/glib2/build/../glib/glib/grefcount.c
cfn=(906) g_atomic_ref_count_dec
calls=166405 243 
* 2496075
+3 166405
+1 166405
-4 166405
+1 665620
+2 166405
+1 332810
-1 166405
cfn=(908) array_free
calls=166405 +6 
* 2612523413

fn=(1210) g_array_sort
921 46860
+3 93720
+3 140580
+6 220
-5 279840
cfi=(281) /usr/src/debug/glib2/build/../glib/glib/gqsort.c
cfn=(1212) g_qsort_with_data
calls=46640 303 
* 332315413109

fn=(712) g_array_sized_new
336 2745324
+3 1830216
+5 610072
cfi=(169) /usr/src/debug/glib2/build/../glib/glib/gslice.c
cfn=(576) g_slice_alloc
calls=305036 190 
* 40797942
+6 305036
-6 305036
+2 305036
+1 305036
+3 305036
+4 305036
-5 610072
+2 305036
-2 305036
+3 305036
-3 1525180
+5 305036
cfi=(178)
cfn=(606) g_atomic_ref_count_init
calls=305036 191 
* 1525180
+2 1220144
+8 2745324

fn=(710) g_array_new
138 305036
+1 610072
+5 610072
cfn=(712)
calls=305036 336 
* 56659814

fn=(908)
531 1331240
+3 332810
+16 332810
+8 499215
cfi=(169)
cfn=(858) g_slice_free1
calls=166405 274 
* 21602307
+4 1164835
-26 499215
+8 166405
+1 166405
-1 166405
cfi=(170)
cfn=(910) g_free
calls=166405 207 
* 2586095361
+1 166405

fn=(808) g_array_append_vals
592 6965341856
+3 2612003196
+2 1741335464
+13 6965341856
-10 1741335464
cfn=(810)
calls=870667732 1061 
* 37955402303
+3 870667732
-1 1741335464
fi=(219)
29 870667732
fe=(198)
602 2612003196
fi=(219)
29 870667732
cob=(2)
cfi=(205)
cfn=(750) __memcpy_avx_unaligned_erms
calls=870667732 255 
* 11480455508
fe=(198)
605 1741335464
+2 1741335464

fl=(170)
fn=(860) g_free_sized
234 486280921
+4 486280921
cob=(2)
cfi=(171) /usr/src/debug/glibc/glibc/malloc/malloc.c
cfn=(862) free
calls=486280921 3359 
* 56694238179

fn=(610)
166 13906360
+3 8343816
+2 2781272
cob=(2)
cfi=(171)
cfn=(612) realloc
calls=2781272 3407 
* 11594061160
+2 5562544
+12 8343816

fn=(616) g_malloc0
128 127805
+1 255610
-1 127805
+5 127805
-5 383415
+5 127805
-5 127805
+5 127805
cob=(2)
cfi=(171)
cfn=(618) calloc
calls=127805 3699 
* 67044248
+2 255610
+10 383415

fn=(614) g_malloc0_n
407 127805
+1 639025
+6 255610
cfn=(616)
calls=127805 128 
* 69089128

fn=(1068) g_realloc_n
436 208744
+1 521860
+6 208744
cfn=(610)
calls=104372 166 
* 640399790

fn=(910)
207 387024
+1 387024
cob=(2)
cfi=(171)
cfn=(862)
calls=387024 3359 
* 2617884635

fn=(578)
95 486488546
+1 972977092
-1 2432442730
+5 486488546
cob=(2)
cfi=(171)
cfn=(580) malloc
calls=486488546 3294 
* 87493377184
+2 972977092
+10 1459465638

fl=(281)
fn=(1214) msort_r
198 699600
+6 93280
-5 93280
+8 93280
+2 4788
-9 399
+9 1197
+8 399
+1 399
+1 399
+1 399
+2 798
-13 46241
+8 46241
+1 46241
+1 46241
+1 46241
+2 92482
+45 93280
+1 93280
+11 186560
cfn=(1216) msort_with_tmp
calls=46640 79 
* 332284883001
+2 93280
cfi=(170)
cfn=(910)
calls=46640 -74 
* 11007486
+1 513040
-69 46241
cfi=(170)
cfn=(578)
calls=46241 95 
* 16532475
* 138723
-4 798
+61 93280
+2 93280
+1 93280
+1 93280

fn=(1216)
79 93280
-8 46630
+11 93260
-11 139890
+12 46630
-12 46630
+12 46630
-12 186520
+4 46630
+1 46630
+7 46630
+4 93260
-13 46630
+11 46630
-9 46630
+1 46630
+8 46630
+2 46630
-10 46630
+6 46630
+2 93260
+2 46630
cfn=(1217) msort_with_tmp'2
calls=46630 -8 
* 153636575339
+1 186520
cfn=(1217)
calls=46630 -9 
* 153593904928
+2 466300
+21 46630
-27 46630
+27 466300
+10 377531281
+1 377531281
-11 1132593843
+14 377531281
-14 755062562
+2 3030461036
cob=(7) /home/omarm/Desktop/UNIMIB/Stage/Stage/Codes/C/Minimizer-Demo/bin/minimizer_demo
cfi=(186) /home/omarm/Desktop/UNIMIB/Stage/Stage/Codes/C/Minimizer-Demo/src/alg3.c
cfn=(1220) compare_Triple_fragment
calls=757615259 -15 
* 8406308374
* 1515230518
+2 380083978
+1 380083978
-5 760167956
+14 760167956
-14 760214586
+81 139890
-2 139890
+2 46630
-2 93260
+1 32481
fi=(219)
29 54135
cob=(2)
cfi=(205)
cfn=(750)
calls=10827 255 
* 963320
* 79121
fe=(281)
192 46630
+1 46630
fi=(219)
29 46630
fe=(281)
193 46630
-1 46630
+1 233150
fi=(219)
29 46630
cob=(2)
cfi=(205)
cfn=(750)
calls=46630 255 
* 6036714517
fe=(281)

fn=(1217)
79 3047616536
-8 761857504
+11 1523715008
-11 2285572512
+12 761857504
-12 761857504
+12 761857504
-12 3047430016
+4 761857504
+1 761857504
+7 761857504
+4 1523715008
-13 761857504
+11 761857504
-9 761857504
+1 761857504
+8 761857504
+2 761857504
-10 761857504
+6 761857504
+2 1523715008
+2 761857504
cfn=(1217)
calls=761857504 -8 
* 974080017372
+1 3047430016
cfn=(1217)
calls=761857504 -9 
* 1007829853111
+2 7618575040
+21 761857504
-27 761857504
+27 7618575040
+10 3365927870
+1 3365927870
-11 10097783610
+14 3365927870
-14 6731855740
+2 33204201784
cob=(7)
cfi=(186)
cfn=(1220)
calls=8301050446 -15 
* 89262057515
* 16602100892
+2 4935122576
+1 4935122576
-5 9870245152
+14 9870245152
-14 10632102656
+81 2285572512
-2 2285572512
+2 761857504
-2 1523715008
+1 102021780
fi=(219)
29 170036300
cob=(2)
cfi=(205)
cfn=(750)
calls=34007260 255 
* 507525136
* 1625830048
fe=(281)
192 761857504
+1 761857504
fi=(219)
29 761857504
fe=(281)
193 761857504
-1 761857504
+1 3809287520
fi=(219)
29 761857504
cob=(2)
cfi=(205)
cfn=(750)
calls=761857504 255 
* 38399516404
fe=(281)

fn=(1212)
303 46640
+1 93280
cfn=(1214)
calls=46640 198 
* 332315273189

fl=(220) /usr/src/debug/glib2/build/../glib/glib/glist.c
fn=(896) g_list_free
111 93720
+1 140580
cfi=(169)
cfn=(898) g_slice_free_chain_with_offset
calls=46860 307 
* 187440

fn=(840) g_list_append
199 563263575
+4 80466225
-4 160932450
+4 80466225
cfi=(169)
cfn=(576)
calls=80466225 -13 
* 6001741083
+1 80466225
-1 80466225
+2 160932450
+2 160932450
+2 147071214
cfn=(848) g_list_last
calls=73535607 922 
* 661820463
+5 73535607
-3 73535607
+3 73535607
-2 73535607
+9 514749249
-9 6930618
+9 48514326

fn=(848)
922 73535607
+1 220606821
+2 367678035

fn=(856) g_list_free_1
132 160932450
+1 160932450
cfi=(169)
cfn=(858)
calls=80466225 274 
* 8300952878

fl=(168)
fn=(1322) g_hash_table_remove_all
1853 23430
+1 46860
-1 117150
+4 70290
858 46860
-2 23430
-1 23430
+3 93720
+1 5049
-1 3366
+2 21747
1863 43494
860 21747
cfn=(1064) g_hash_table_resize.lto_priv.0
calls=21747 -63 
* 169986380
1858 22747
573 68241
cfn=(1324) g_hash_table_remove_all_nodes.part.0
calls=22747 -15 
* 14215236
858 45494
1863 5049

fn=(574) g_hash_table_new_full
1013 257763
+3 23433
-3 46866
+3 23433
cfi=(169)
cfn=(576)
calls=23433 190 
* 1432372
* 23433
+1 46866
cfi=(178)
cfn=(606)
calls=23433 191 
* 117165
+1 23433
+2 70299
+8 23433
-7 23433
+4 23433
+1 23433
-3 23433
+5 23433
cfn=(608) g_hash_table_setup_storage.lto_priv.0
calls=23433 512 
* 8183775
+3 210897
-11 2

fn=(1064)
797 208744
+19 104372
-19 417488
+6 104372
-6 417488
+19 104372
-13 208744
-1 104372
+14 208744
-13 208744
+13 104372
303 1761059
+12 330500
-28 82625
+28 82625
-28 82625
+1 165250
-1 165250
+1 82625
+6 247875
+1 165250
818 165250
295 21747
818 43494
+9 86988
cfi=(170)
cfn=(614)
calls=21747 407 
* 32081667
* 21747
+3 43494
-66 58584524
-78 9876717
+78 11172264
357 4587786
+2 4587786
+1 2293893
764 2293893
357 4587786
+2 4587786
+1 2293893
+1 4587786
+17 9175572
686 13763358
+78 4587786
378 3829168
686 5743752
+78 9708564
-78 4676388
+78 3048890
-78 2980188
+78 993396
-72 3251185
+72 3251185
-72 3251185
+72 32511850
357 1914584
+2 1914584
+1 957292
764 957292
361 957292
-4 1914584
+2 1914584
+1 957292
+1 957292
+6 1914584
-22 4587786
+1 2293893
764 2293893
345 4587786
764 2293893
346 2293893
764 7090423
+71 104372
cfi=(170)
cfn=(910)
calls=104372 207 
* 12958453
+2 208744
+3 208744
+1 834976
-77 6800546
+56 247875
cfn=(1066) realloc_arrays
calls=82625 665 
* 1557712123
+1 165250
fi=(219)
59 82625
fe=(168)
821 247875
fi=(219)
59 82625
cob=(2)
cfi=(253) /usr/src/debug/glibc/glibc/string/../sysdeps/x86_64/multiarch/memset-vec-unaligned-erms.S
cfn=(1070) __memset_avx2_unaligned_erms
calls=82625 198 
* 2658937
fe=(168)
823 413125
cfi=(170)
cfn=(614)
calls=82625 407 
* 32917171
* 82625
+7 165250
+8 65241
cfn=(1066)
calls=21747 665 
* 94176858
* 21747
287 21747
+1 21747
-1 21747
+1 21747
+6 21747

fn=(1092) g_hash_table_remove_node.lto_priv.0
479 51650
336 25825
479 129125
+4 51650
336 103300
484 25825
336 51650
487 77475
+3 25825
345 51650
+1 25825
491 25825
345 51650
+1 25825
493 77475
+1 51650
+2 129125
+3 77475
+3 103300

fn=(1314) g_hash_table_contains
1678 21721040
+4 6516312
416 4344208
cob=(7)
cfi=(186)
cfn=(1046) long_hash
calls=2172104 165 
* 4344208
* 2172104
+1 6516312
-39 10860520
+45 2172104
-45 2172104
+45 2172104
+2 4344208
-13 2162694
+2 2162694
-1 4325388
+32 3877336
+6 1938668
+1 1938668
+1 1938668
+1 3877336
-29 3877336
+6 8176264
+2 2149464
-97 8597856
+99 8597856
+2 4298928
cob=(7)
cfi=(186)
cfn=(1072) long_eq
calls=2149464 169 
* 8597856
* 4298928
+20 26460
-9 45280
1686 4344208
+1 4344208
-1 2172104
+1 13032624
-1 6448392

fn=(1326) g_hash_table_unref
1428 23430
+1 46860
-1 93720
+3 23430
-3 23430
+3 23430
cfi=(178)
cfn=(906)
calls=23430 243 
* 351450
* 46860
573 70290
1434 70290
+1 22747
cfi=(170)
cfn=(910)
calls=22747 207 
* 2770773
+1 45494
cfi=(170)
cfn=(910)
calls=22747 207 
* 2835191
* 683
cfi=(170)
cfn=(910)
calls=683 207 
* 72413
+1 46860
cfi=(170)
cfn=(910)
calls=23430 207 
* 2919006
+1 46860
+2 46860
-2 23430
cfi=(169)
cfn=(858)
calls=23430 274 
* 2693520

fn=(572)
978 23433
+1 70299
cfn=(574)
calls=23433 +34 
* 10600335

fn=(1054) g_hash_table_insert_node
1244 112288064
+7 16041152
-7 48123456
+7 48123456
+21 32082304
+6 27408396
336 27408396
1282 54816792
-2 27408396
907 45496
1307 7010862
+2 4673908
+8 2336954
+4 2336954
336 27408396
1293 2336954
900 2336954
1249 2336954
900 4673908
1247 2336954
900 2336954
+7 4673908
-2 4673908
+2 27408396
-2 27408396
+20 32036808
+12 32036808
1299 48055212
345 32082304
+1 16041152
1302 16041152
345 32082304
+1 16041152
1305 32082304
+18 68520990
+2 41112594
+4 48123456
+1 128329216
-43 13704198
336 54816792
909 45496
+1 113740
cfi=(252)
cfn=(1056)
calls=22748 381 
* 2320296
1299 45496
910 22748
1299 90992
858 4673908
1312 2336954
856 2336954
+2 4673908
1312 4673908
858 4673908
+1 7010862
-1 4673908
+2 165250
cfn=(1064)
calls=82625 -63 
* 1828126928
* 82625

fn=(1044) g_hash_table_lookup
1477 277357420
+4 83207226
416 55471484
cob=(7)
cfi=(186)
cfn=(1046)
calls=27735742 165 
* 55471484
* 27735742
+1 83207226
-39 138678710
+45 27735742
-45 27735742
+45 27735742
+2 55471484
-13 27680770
+2 27680770
-1 55361540
+32 27983276
+2 149528
+1 149528
+3 149528
+3 149528
-2 149528
+1 149528
+1 299056
-29 299056
+26 13651108
+3 13651108
-2 13651108
+1 13651108
+1 27302216
-29 27302216
+6 82516318
+2 27457523
-97 109830092
+99 82372569
+2 54915046
cob=(7)
cfi=(186)
cfn=(1072)
calls=27457523 169 
* 109830092
* 54915046
1485 27571289
+2 55142578
-1 27457523
336 82372569
1488 219660184
457 446494
1488 278219
-7 278219
+7 1947533
438 27457523
1485 54915046

fn=(1066)
665 104372
+1 104372
-1 521860
+1 313116
cfi=(170)
cfn=(1068)
calls=104372 436 
* 641339138
+1 104372
-1 104372
+1 208744
324 626232
cfi=(170)
cfn=(610)
calls=104372 166 
* 756149340
667 104372
+2 208744
+3 417488
324 626232
cfi=(170)
cfn=(610)
calls=104372 166 
* 250434367
670 104372
+3 417488

fn=(1084) g_hash_table_foreach_remove
2040 3
+1 2
+1 2
+2 1
+1 1
-1 1
cfn=(1086) g_hash_table_foreach_remove_or_steal
calls=1 -60 
* 38000510

fn=(1086)
1984 9
+7 1
-3 1
-4 2
+7 3
-6 2
336 262144
1995 262144
336 786432
1997 524288
+1 657812
cob=(7)
cfi=(186)
cfn=(1088) filter_hash_table
calls=164453 87 
* 30479618
-1 328906
+8 472638
-14 1048576
+2 262144
+1 524288
-1 262144
+1 262144
336 524288
2000 77475
+1 25825
-1 25825
cfn=(1092)
calls=25825 479 
* 1162125
+5 51650
+12 9
858 7
-3 1
+4 3
-1 2
2012 2
+1 2

fn=(1320) g_hash_table_destroy
1455 23430
+1 46860
-1 117150
+3 23430
cfn=(1322)
calls=23430 1853 
* 184883720
+1 23430
+1 46860
-1 23430
cfn=(1326)
calls=23430 -31 
* 12297027

fn=(1052) g_hash_table_insert
1600 176452672
-32 48123456
416 32082304
cob=(7)
cfi=(186)
cfn=(1046)
calls=16041152 165 
* 32082304
+7 16041152
-7 16041152
+1 48123456
-39 96246912
+45 16041152
+2 32082304
-13 15285122
+2 15285122
-1 30570244
+32 27417994
+6 13708997
+1 13708997
+1 13708997
+1 27417994
-29 27417994
+6 54826390
+2 13704198
-97 54816792
+99 54816792
+2 27408396
cob=(7)
cfi=(186)
cfn=(1072)
calls=13704198 169 
* 54816792
* 27408396
+1 27408396
+22 3161848
1572 14228316
cfn=(1054)
calls=1580924 1244 
* 1841484017
* 130142052
cfn=(1054)
calls=14460228 1244 
* 1153726574
* 32082304
+30 128329216
460 1512060

fn=(1324)
558 204723
+18 22747
+4 90988
+1 68241
+3 45494
+2 22747
fi=(219)
59 45494
fe=(168)
586 22747
fi=(219)
59 22747
cob=(2)
cfi=(253)
cfn=(1070)
calls=22747 198 
* 1223053
fe=(168)
589 22747
fi=(219)
59 22747
fe=(168)
589 68241
fi=(219)
59 22747
fe=(168)
589 68241
fi=(219)
59 22747
cob=(2)
cfi=(253)
cfn=(1070)
calls=22747 198 
* 5916127
fe=(168)
590 22747
fi=(219)
59 22747
fe=(168)
590 68241
fi=(219)
59 22747
fe=(168)
590 68241
+71 159229
fi=(219)
59 22747
cob=(2)
cfi=(253)
cfn=(1070)
calls=22747 198 
* 5915959
fe=(168)

fn=(608)
512 46866
+12 23433
-12 46866
+12 23433
-12 93732
+12 304629
288 23433
532 23433
324 23433
-37 23433
+1 23433
531 46866
+1 70299
324 23433
cfi=(170)
cfn=(610)
calls=23433 166 
* 1993127
536 46866
-2 23433
+1 23433
+1 23433
cfi=(170)
cfn=(614)
calls=23433 407 
* 5112730
* 23433
+1 140598

fn=(1078) g_hash_table_size
2201 2
+1 4
+2 2
+1 2

fl=(169)
fn=(858)
274 3403966447
+1 1945123684
+2 486280921
+2 972561842
-2 486280921
cfi=(170)
cfn=(860)
calls=486280921 -43 
* 57666800021

fn=(576)
190 486419556
+3 486419556
cfi=(170)
cfn=(578)
calls=486419556 -98 
* 94286342031

fn=(898)
307 46860
+2 93720
+8 46860

fl=(178)
fn=(906)
243 569505
+3 379670
+1 379670
+3 569505
-2 379670
+3 569505

fn=(606)
191 328469
+1 656938
+11 328469
+1 328469

fl=(218) /usr/src/debug/glib2/build/../glib/glib/gqueue.c
fn=(846) g_queue_peek_tail_link
601 146838747
+1 293677494
+2 146838747
+1 146838747

fn=(884) g_queue_pop_head
515 35813085
+1 21487851
+2 21487851
+5 7162617
-2 7162617
+2 7162617
+1 14325234
+1 7115756
+3 7115756
cfi=(220)
cfn=(856)
calls=7115756 132 
* 754517026
* 46861
cfi=(220)
cfn=(856)
calls=46861 132 
* 5283628
+1 7162617
+6 35813085
-8 93722

fn=(832) g_queue_is_empty
158 240976003
+1 481952006
+2 722928009
+1 240976003

fn=(854) g_queue_pop_tail
618 366518040
+1 146607216
+2 219910824
+5 73303608
-2 73303608
+2 73303608
+1 146607216
+1 66419851
+3 66419851
+1 132839702
cfi=(220)
cfn=(856)
calls=66419851 132 
* 7088269044
-1 6883757
+1 13767514
cfi=(220)
cfn=(856)
calls=6883757 132 
* 774748080
+6 293214432
-8 13767514

fn=(894) g_queue_free
60 46860
+1 93720
-1 234300
+3 93720
cfi=(220)
cfn=(896)
calls=46860 +48 
* 421740
+1 93720
+1 93720
-1 46860
cfi=(169)
cfn=(858)
calls=46860 274 
* 5583765

fn=(820) g_queue_new
43 93722
+1 46861
-1 46861
+1 46861
cfi=(169)
cfn=(576)
calls=46861 190 
* 2858669
fi=(219)
+15 140583
fe=(218)
-14 93722

fn=(838) g_queue_push_tail
415 80466225
+1 160932450
-1 402331125
+3 160932450
cfi=(220)
cfn=(840)
calls=80466225 199 
* 9042895206
* 80466225
+1 241398675
+4 73535607
-3 73535607
+4 220606821
-1 6930618
-1 6930618
+2 20791854

fn=(876) g_queue_peek_head
855 167012627
+1 334025254
+2 835063135

fl=(283) /usr/src/debug/glib2/build/../glib/glib/gtree.c
fn=(1270) g_tree_node_next
300 398509383
+3 797018766
+4 398509383
-2 398509383
+2 398509383
+1 488884229
+1 93629563
-1 187259126
+1 73466412
-1 240562387
+4 304879820

fn=(1234) g_tree_insert
496 399367414
-59 798734828
+2 1198102242
cfn=(1236) g_tree_insert_internal
calls=399367414 572 
* 182141981662

fn=(1236)
572 5591143796
+5 798734828
+2 1996837070
+13 392645162
+1 392645162
-1 785290324
+59 4490586590
+2 1853268376
+1 5559805128
-57 7413073504
cob=(7)
cfi=(282) /home/omarm/Desktop/UNIMIB/Stage/Stage/Codes/C/Minimizer-Demo/src/fragments.c
cfn=(1238) compare_keys
calls=1853268376 435 
* 5559805128
+57 2233256
-57 4466512
cob=(7)
cfi=(282)
cfn=(1238)
calls=1116628 435 
* 3349884
* 1570580648
cob=(7)
cfi=(282)
cfn=(1238)
calls=392645162 435 
* 1177935486
+2 4494060332
+23 2246518501
+2 2450412
+2 1116628
+1 2233256
-26 1534995
+3 511665
+2 511665
-2 511665
+4 511665
-2 1023330
+14 511665
+91 4792408968
550 1176074757
+10 392024919
109 392024919
560 392024919
109 392024919
cfi=(169)
cfn=(576)
calls=392024919 +81 
* 87706779818
+3 784049838
-3 392024919
667 392024919
111 392024919
+3 784049838
+3 392024919
-1 392024919
+1 392024919
667 784049838
+3 392024919
-2 392024919
+1 392024919
+1 392024919
+14 392024919
-41 392024919
+41 784049838
+1 784049838
-1 108578
-41 108578
+41 217156
+1 4281817918
+1 2082672816
+2 4165345632
+11 1415167330
+6 1415072474
-21 707536237
+1 3537681185
-1 435185
+1 2175925
+3 174896217
+2 54108020
cfn=(1250) g_tree_node_balance
calls=27054010 1479 
* 954225015
+2 27054010
+7 27054010
-83 1023330
+72 1879088
+11 877704
+4 1305555
-13 667505486
cfn=(1250)
calls=333752743 1479 
* 11869770796
+6 333752743
+3 1001258229
-9 61840
cfn=(1250)
calls=30920 1479 
* 1121144
+4 30920
+5 92760
550 325734
+10 108578
109 108578
560 108578
109 108578
cfi=(169)
cfn=(576)
calls=108578 +81 
* 10535893
+3 108578
+2 108578
639 108578
111 108578
-2 108578
+5 108578
+2 108578
-4 108578
+5 217156
639 325734
+4 108578
-2 108578
+1 108578
+1 108578
+3 108578
109 13444504
cfi=(169)
cfn=(576)
calls=6722252 +81 
* 1084976994
+3 6722252
+2 6722252
586 6722252
109 6722252
+2 6722252
+3 6722252
+2 6722252
-4 6722252
+5 6722252
581 6722252
117 6722252
588 6722252
+97 13478846

fn=(1228) g_tree_new_full
185 47055764
+3 40333512
+2 13444504
cfi=(169)
cfn=(576)
calls=6722252 * 
* 410058372
+2 6722252
+4 6722252
-5 6722252
+2 6722252
+1 6722252
+1 6722252
+1 6722252
+4 40333512

fn=(1250)
1479 360837673
+1 360837673
-1 721675346
+1 721675346
+6 721603166
+2 1082404749
+2 360801583
+4 360801583
-4 360801583
cfn=(1252) g_tree_node_rotate_left
calls=360801583 1637 
* 7771052957
-8 108270
+1 36027
cfn=(1252)
calls=36027 1637 
* 762708
* 36027
+1 36027
+10 36027
-10 36027
cfn=(1342) g_tree_node_rotate_right
calls=36027 1678 
* 743471
* 63
+10 63
-10 63
cfn=(1342)
calls=63 1678 
* 1268
+5 34715
cfn=(1342)
calls=34715 1678 
* 725110
* 69430

fn=(1244) g_tree_node_value
1016 1526495827
+1 3052991654
+2 1526495827
+1 1526495827

fn=(1272) g_tree_unref
398 6722252
+1 13444504
-1 33611260
+3 13444504
+2 6722252
cfn=(1266) g_tree_remove_all
calls=6722252 -78 
* 201667560
+1 13444504
+2 13444504
-2 6722252
cfi=(169)
cfn=(858)
calls=6722252 274 
* 844835594

fn=(1342)
1678 70805
+2 141610
+1 31156
+6 15578
+3 15578
-1 31156
+3 31156
-5 55227
+3 55227
-1 110454
+3 110454
+11 5912
+3 2956
-8 1478
+12 1478
-26 55227
+1 110454
+10 277308
+3 277308
+12 69327

fn=(1264) g_tree_destroy
421 6722252
+1 13444504
-1 33611260
+3 6722252
cfn=(1266)
calls=6722252 -99 
* 65804374457
+1 6722252
+1 13444504
-1 6722252
cfn=(1272)
calls=6722252 -27 
* 1154059186

fn=(1268) g_tree_node_first
215 13444504
+3 26889008
+2 40333512
+5 20166754
+1 6722250
-1 13444500
+1 20341573
-1 47405398
-7 6722252
+11 6722252

fn=(1340) g_tree_node_previous
273 51218
+3 102436
+4 51218
-2 51218
+2 51218
+1 102436
+4 51218

fn=(1252)
1637 360837610
+2 721675220
+1 333177648
+6 166588824
+3 166588824
-1 333177648
+3 333177648
-5 194248786
+3 194248786
-1 388497572
+3 388497572
+11 1443258716
+3 1082444037
-8 360814679
+12 721629358
-26 194248786
+1 388497572
+10 91724
+3 68793
+12 45862

fn=(1258) g_tree_node_last
244 6722252
+3 13444504
+2 20166756
+5 20166756
+1 6722252
-1 13444504
+1 24305178
-1 55332608

fn=(1266)
325 13444504
+4 26889008
-4 94111528
+6 13444504
cfn=(1268)
calls=13444504 215 
* 202192003
* 13444504
+2 33611260
+2 20166756
cfn=(1270)
calls=6722252 -35 
* 47094822
* 1175313609
cfn=(1270)
calls=391771203 -35 
* 3732499661
* 398493455
+2 1195480365
+2 1195480365
+2 1195480365
cfi=(169)
cfn=(858)
calls=398493455 -67 
* 55744352366
-8 796986910
+22 13444504
+2 13444504
+2 80667024

ob=(2)
fl=(316) /usr/src/debug/glibc/glibc/setjmp/../sysdeps/x86/longjmp.c
fn=(1474) __libc_longjmp
32 42
+2 6
cfi=(317) /usr/src/debug/glibc/glibc/setjmp/../sysdeps/nptl/jmp-unwind.c
cfn=(1476) _longjmp_unwind
calls=6 -8 
* 192
+2 18
+8 36
cfi=(319) /usr/src/debug/glibc/glibc/setjmp/../sysdeps/x86_64/__longjmp.S
cfn=(1480) __longjmp_cancel
calls=6 -6 
* 126

fl=(90) /usr/src/debug/glibc/glibc/wcsmbs/../sysdeps/x86_64/multiarch/wmemcmp.c
fn=(310) wmemcmp
29 1
fi=(91) /usr/src/debug/glibc/glibc/wcsmbs/../sysdeps/x86_64/multiarch/ifunc-memcmp.h
+5 5
+1 2
+1 2
+1 3
+3 2
+4 3
+3 4
fe=(90)
-18 2

fl=(230) /usr/src/debug/glibc/glibc/stdio-common/printf_buffer_to_file.c
fn=(974) __printf_buffer_to_file_init
108 2195931
+1 2195931
fi=(235) /usr/src/debug/glibc/glibc/stdio-common/../include/printf_buffer.h
+18 2195931
fe=(230)
-18 2195931
fi=(235)
+28 2195931
-9 2195931
-4 2195931
+13 2195931
fe=(230)
-26 2195931
fi=(235)
+13 2195931
fe=(230)
-12 2195931
cfn=(976) __printf_buffer_to_file_switch
calls=2195931 -83 
* 24156273

fn=(976)
29 2225069
+1 11125345
+10 526
+1 526
+3 2104
+1 526
-1 8898172
+1 2224543

fn=(1028) __printf_buffer_to_file_done
117 2195931
+1 6587793
-1 10979655
+3 2195931
cfn=(1030) __printf_buffer_flush_to_file
calls=2195931 -71 
* 70591007
+1 2195931
+1 4391862
-1 2195931
cfi=(251) /usr/src/debug/glibc/glibc/stdio-common/Xprintf_buffer_done.c
cfn=(1032) __printf_buffer_done
calls=2195931 -96 
* 39526758

fn=(1030)
49 4505210
+4 2252605
-4 13515630
+2 9010420
+2 6757815
+15 6756267
+18 6670401
+3 2223467
+2 4446934
+12 2223467
+1 13340802
-32 57244
+2 85866
cfi=(195) /usr/src/debug/glibc/glibc/libio/genops.c
cfn=(1298) __overflow
calls=28622 226 
* 6668926
* 57244
+30 29138
-39 29138
+39 116552
-39 29138
cfn=(976)
calls=29138 -36 
* 320538
-7 516
+1 516
fi=(338) /usr/src/debug/glibc/glibc/stdio-common/../libio/libioP.h
1025 516
fe=(230)
58 516
+1 516
-1 516
fi=(338)
1025 1032
+1 1032
fe=(230)
59 1032
cfi=(194) /usr/src/debug/glibc/glibc/libio/fileops.c
cfn=(690) _IO_file_xsputn@@GLIBC_2.2.5
calls=516 1198 
* 171269
* 1032
+39 29127
+1 29127
-1 29127
+1 29127

fl=(205)
fn=(1060)
249 22748
+1 22748
+1 113740
+4 22748
+1 22748
+6 22748
+1 22748
+2 22748
+1 22748
+1 22748
+3 22748
+1 22748
+1 22748
+3 45496

fn=(750)
255 1714591751
+1 1714591751
+6 1714591751
+1 1714591751
+2 170854451
+1 170854451
+1 170854451
+3 90977490
+1 90977490
+1 90977490
+3 181954980
+30 1543737300
+1 1543737300
+2 1365492189
+1 1365492189
+2 127036191
+4 127036191
+1 26707373
+1 26707373
+1 26707373
+1 26707373
+1 323866
+1 323866
+2 323866
+2 323866
-2 26383507
+2 26383507
+6 100328818
+1 100328818
+1 100328818
+1 100328818
+1 100328818
+7 178245111
+1 178245111
+1 178245111
+1 178245111
+2 178245111
+17 1238455998
+1 1238455998
+1 1238455998
+1 1238455998
+1 1238455998
+7 34300840
+1 34300840
+1 34300840
+1 34300840
+1 34300840
+1 34300840
+1 68601680
+5 79876961
+1 79876961
+5 78693235
+1 78693235
+2 53419335
+1 53419335
+1 53419335
+2 19118495
+1 19118495
+1 19118495
+1 19118495
+1 19118495
+1 19118495
+1 19118495
+1 19118495
+1 19118495
+1 19118495
+1 19118495
+1 19118495
+1 19118495
+1 19118495
+1 38236990
+4 25273900
+1 25273900
+4 25273900
+2 25273900
+4 25273900
+1 25273900
+11 25273900
+3 25273900
+2 25273900
+2 25273900
+4 25273900
+1 25273900
+9 23716349
+1 23716349
+2 23716349
+2 23716349
+1 23716349
+1 23716349
+3 23716349
+2 23716349
+2 23716349
+2 47432698
+6 23716349
+1 23716349
+1 23716349
+1 23716349
+1 23716349
+1 23716349
+1 23716349
+1 23716349
+1 23716349
+1 23716349
+1 23716349
+1 23716349
-11 159467604
+1 159467604
+1 159467604
+1 159467604
+1 159467604
+1 159467604
+1 159467604
+1 159467604
+1 159467604
+1 159467604
+1 159467604
+1 159467604
+2 23716349
+1 23716349
+1 23716349
+1 23716349
+2 23716349
+4 47432698
+13 1557551
+1 1557551
+2 1557551
+1 1557551
+1 1557551
+2 1557551
+2 1557551
+2 3115102
+6 1557551
+1 1557551
+1 1557551
+1 1557551
+1 1557551
+1 1557551
+1 1557551
+1 1557551
+1 1557551
+1 1557551
+1 1557551
+1 1557551
-11 10453075
+1 10453075
+1 10453075
+1 10453075
+1 10453075
+1 10453075
+1 10453075
+1 10453075
+1 10453075
+1 10453075
+1 10453075
+1 10453075
+2 1557551
+1 1557551
+1 1557551
+1 1557551
+2 1557551
+1 3115102
+9 1183697
+7 1183697
+1 1183697
+6 158364
+3 158364
+2 158364
+3 158364
+1 158364
+2 158364
+2 5026968956
+2 158364
+2 158364
+2 316728
+5 1183726
+1 1183726
+4 1183726
+2 1183726
+3 1183726
+4 1183726
+1 1183726
+4 1183697
+4 1183697
+24 1025333
+2 1025333
+2 1025333
+2 1025333
+3 1025333
+1 1025333
+2 34221650453
+3 1025333
+2 1025333
+2 2050666
+17 29
+1 29
+1 29
+5 29
+1 29
+1 29
+7 29
+6 29
+2 29
+8 29
+1 29
+2 29
+2 29
+2 29
+2 29
+8 29
+1 29
+1 29
+1 29
+5 29
+1 29
+1 29
+3 29
+2 58
+5 29
+2 58
+1 58
+1 58
+1 58
+2 116
+1 116
+1 29
+2 116
+1 116
+1 29
+1 29
+1 29
-15 3998
+2 7996
+1 7996
+1 7996
+1 7996
+2 15992
+1 15992
+1 3998
+2 15992
+1 15992
+1 3998
+1 3998
+1 3998
-13 249674
+1 249674
+1 249674
+1 249674
+2 499348
+1 499348
+1 124837
+2 499348
+1 499348
+1 124837
+1 124837
+1 124837
+1 4027
+1 4027
+1 4027
+1 4027
+1 29
+3 29
+1 29
+5 2962
+1 2962
+1 1481
+1 1481
+1 1481
+1 1481
+1 1481
+1 1481
+1 1481
+1 1481
+1 1481
+1 1481
+1 1481
+1 1481
+1 1481
+4 29
+1 29
+1 29
+1 29
+2 29
+1 29
+1 29
+1 29
+1 58

fn=(1288) __mempcpy_avx_unaligned_erms
242 506
+1 506
+1 506
+1 506
+17 506
+1 506
+2 506
+1 506
+1 506
+3 506
+1 506
+1 506
+3 1012

fl=(111) /usr/src/debug/glibc/glibc/string/../sysdeps/x86_64/multiarch/memrchr.c
fn=(366) memrchr
29 1
fi=(108) /usr/src/debug/glibc/glibc/string/../sysdeps/x86_64/multiarch/ifunc-avx2.h
+11 3
-2 4
fe=(111)
-9 2
fi=(108)
+12 2
+1 3
+3 2
+4 3
+3 5
fe=(111)

fl=(201) /usr/src/debug/glibc/glibc/libio/filedoalloc.c
fn=(726) _IO_file_doallocate
78 14
+6 2
-6 6
+6 6
fi=(197) /usr/src/debug/glibc/glibc/libio/libioP.h
1025 6
+1 4
fe=(201)
84 6
cfi=(194)
cfn=(728) _IO_file_stat
calls=2 1147 
* 18
* 4
+2 8
+11 8
+4 4
cfi=(171)
cfn=(580)
calls=2 3294 
* 8246
* 2
+1 4
+2 8
cfi=(195)
cfn=(732) _IO_setb
calls=2 356 
* 58
+1 2
+1 18

fl=(92) /usr/src/debug/glibc/glibc/wcsmbs/../sysdeps/x86_64/multiarch/wcscat.c
fn=(370) wcschr
31 2
fi=(112) /usr/src/debug/glibc/glibc/wcsmbs/../sysdeps/x86_64/multiarch/ifunc-avx2.h
+9 6
-2 8
fi=(113) /usr/src/debug/glibc/glibc/wcsmbs/../sysdeps/x86_64/multiarch/wcschr.c
-7 4
fi=(112)
+10 4
+1 6
+3 4
+4 6
+3 10
fe=(92)

fn=(314) wcscat
31 1
fi=(85) /usr/src/debug/glibc/glibc/wcsmbs/../sysdeps/x86_64/multiarch/ifunc-wcs.h
+9 3
-1 4
+2 3
+3 2
+4 4
fe=(92)
-17 1

fl=(199) /usr/src/debug/glibc/glibc/stdio-common/getline.c
fn=(718) getline
27 93722
+1 93722
cfi=(200) /usr/src/debug/glibc/glibc/libio/iogetdelim.c
cfn=(720) getdelim
calls=46861 +13 
* 59449459

fl=(287) /usr/src/debug/glibc/glibc/nptl/lowlevellock.c
fn=(1300) __lll_lock_wait
41 1460
+1 1460
-1 1460
+1 2920
+3 117960
+3 28754
fi=(288) /usr/src/debug/glibc/glibc/nptl/../sysdeps/nptl/futex-internal.h
+98 230032
+1 2
-60 1460
fe=(287)

fn=(1304) __lll_lock_wake
63 28754
+1 143770
+1 28754

fl=(317)
fn=(1476)
26 18
+1 6
+1 6
-1 6
cfi=(318) /usr/src/debug/glibc/glibc/nptl/pthread_cleanup_upto.c
cfn=(1478) __pthread_cleanup_upto
calls=6 -2 
* 156

fl=(291) /usr/src/debug/glibc/glibc/io/../sysdeps/unix/sysv/linux/open64_nocancel.c
fn=(1350) __open_nocancel
28 5
+3 9
+8 7
+2 5

fl=(180) /usr/src/debug/glibc/glibc/csu/../csu/libc-start.c
fn=(624) __libc_start_main@@GLIBC_2.34
242 13
+69 3
+1 3
cfi=(181) /usr/src/debug/glibc/glibc/stdlib/cxa_atexit.c
cfn=(626) __cxa_atexit
calls=1 67 
* 77
+25 6
+6 2
-3 2
+10 2
cob=(1) /usr/lib/ld-linux-x86-64.so.2
cfi=(47) /usr/src/debug/glibc/glibc/elf/dl-audit.c
cfn=(646) _dl_audit_preinit
calls=1 118 
* 5
+2 2
+8 4
cfi=(182) /usr/src/debug/glibc/glibc/csu/../sysdeps/nptl/libc_start_call_main.h
cfn=(648) (below main)
calls=1 29 
* 92232968775
128 2
+6 3
+1 6
cob=(3) ???
cfi=(154) ???
cfn=(632) 0x000000000010a000
calls=1 0 
* 7
* 1
+3 1
+1 2
+3 1
+1 2
-1 2
+2 9
+1 4
cob=(7)
cfi=(179) ???
cfn=(642) 0x0000000000002cc0
calls=1 0 
* 8
* 4
cob=(7)
cfi=(179)
cfn=(636) 0x0000000000002dd0
calls=1 0 
* 12
-1 9

fl=(149) /usr/src/debug/glibc/glibc/resource/../sysdeps/unix/sysv/linux/getrlimit64.c
fn=(484) getrlimit
38 2
+1 7
+1 1

fl=(176) /usr/src/debug/glibc/glibc/misc/../sysdeps/unix/sysv/linux/brk.c
fn=(600) brk
36 1223
fi=(339) /usr/src/debug/glibc/glibc/misc/../sysdeps/unix/sysv/linux/brk_call.h
-12 2446
fe=(176)
+13 2446
+1 2446
+6 72
+1 72
-5 2302
+1 2302

fl=(166) /usr/src/debug/glibc/glibc/string/../sysdeps/x86_64/multiarch/strcmp-avx2.S
fn=(566) __strncmp_avx2
206 14
+24 14
+5 14
+14 14
+25 14
+1 14
+1 14
+2 14
+1 14
+4 14
+4 14
+2 14
+2 14
+3 14
+2 14
+1 14
+11 14
+10 14
+1 14
+3 14
+4 28
+5 14
+1 14
+1 14
957 3
+1 3
+1 3
+1 3
+2 3
+3 3
+1 3
1076 3
+1 3

fl=(82) /usr/src/debug/glibc/glibc/string/../sysdeps/x86_64/multiarch/mempcpy.c
fn=(294) mempcpy
33 1
fi=(83) /usr/src/debug/glibc/glibc/string/../sysdeps/x86_64/multiarch/ifunc-memmove.h
+24 3
-1 2
+4 3
+14 2
+3 2
+8 2
+8 2
+3 5
fe=(82)

fl=(109) /usr/src/debug/glibc/glibc/string/../sysdeps/x86_64/multiarch/strpbrk.c
fn=(362) strpbrk
29 2
fi=(340) /usr/src/debug/glibc/glibc/string/../sysdeps/x86_64/multiarch/ifunc-sse4_2.h
+7 10
fe=(109)
-7 2

fl=(183) /usr/src/debug/glibc/glibc/setjmp/../sysdeps/x86_64/bsd-_setjmp.S
fn=(650) _setjmp
28 7
+2 7
+2 7
cfi=(184) /usr/src/debug/glibc/glibc/setjmp/../sysdeps/x86_64/setjmp.S
cfn=(652) __sigsetjmp
calls=7 -1 
* 245

fl=(121) /usr/src/debug/glibc/glibc/string/../sysdeps/x86_64/multiarch/strncmp.c
fn=(394) strncmp
67 2
-23 4
-1 8
+24 4
-22 6
+3 4
+4 6
+3 8

fl=(151) /usr/src/debug/glibc/glibc/nptl/pthread_mutex_conf.c
fn=(488) __pthread_tunables_init
55 2
+1 2
-1 3
+1 5
cob=(1)
cfi=(11) /usr/src/debug/glibc/glibc/elf/dl-tunables.c
cfn=(28) __tunable_get_val
calls=1 438 
* 24
+2 4
cob=(1)
cfi=(11)
cfn=(28)
calls=1 438 
* 23
+2 4
cob=(1)
cfi=(11)
cfn=(28)
calls=1 438 
* 24
+2 6

fl=(158) /usr/src/debug/glibc/glibc/string/../sysdeps/x86_64/multiarch/strrchr-avx2.S
fn=(528) __strrchr_avx2
53 1
+1 1
+1 1
+2 1
+1 1
+4 1
+1 1
+1 1
+3 1
+2 1
+1 1
+1 1
+1 1
+3 1
+1 1
+2 1
+1 1
+1 1
+1 1
+1 1
+9 2

fl=(134) /usr/src/debug/glibc/glibc/string/../sysdeps/x86_64/multiarch/memchr.c
fn=(436) memchr
29 3
fi=(135) /usr/src/debug/glibc/glibc/string/../sysdeps/x86_64/multiarch/ifunc-evex.h
+9 9
-1 12
+2 9
+6 6
-3 6
+9 9
+3 12
fe=(134)
-25 3

fl=(147) /usr/src/debug/glibc/glibc/elf/libc_early_init.c
fn=(480) __libc_early_init
33 8
+2 1
cfi=(148) /usr/src/debug/glibc/glibc/ctype/ctype-info.c
cfn=(482) __ctype_init
calls=1 -6 
* 17
+3 1
fi=(150) /usr/src/debug/glibc/glibc/elf/../sysdeps/nptl/pthread_early_init.h
-5 2
fe=(147)
+5 1
+3 2
fi=(150)
-8 1
cfi=(149)
cfn=(484)
calls=1 +5 
* 10
* 3
+1 1
+4 5
+7 1
fi=(341) /usr/src/debug/glibc/glibc/elf/../nptl/nptl-stack.h
+16 3
fi=(150)
-16 1
fi=(341)
+16 2
fi=(150)
-7 1
fi=(341)
+7 3
fi=(150)
-9 1
-6 1
+2 2
+4 4
+1 1
+3 1
cfi=(151)
cfn=(488)
calls=1 -1 
* 97
fe=(147)
-9 3
+2 2
-2 1
cfi=(152) /usr/src/debug/glibc/glibc/nptl/../sysdeps/unix/sysv/linux/x86/elision-conf.c
cfn=(490) __lll_elision_init
calls=1 +45 
* 158

fl=(325) /usr/src/debug/glibc/glibc/resolv/resolv_context.c
fn=(1492) __resolv_context_freeres
242 54
+2 12
+1 6
+1 12
+6 48

fl=(295) /usr/src/debug/glibc/glibc/elf/dl-libc.c
fn=(1410) do_dlsym
102 12
+3 18
-3 24
+4 6
-1 6
-1 6
+1 12
+1 6
-1 12
cob=(1)
cfi=(75) /usr/src/debug/glibc/glibc/elf/dl-lookup.c
cfn=(274) _dl_lookup_symbol_x
calls=6 772 
* 3033
* 6
+3 30

fn=(1368) do_dlopen
92 2
+3 1
-3 4
+3 9
cob=(1)
cfi=(296) /usr/src/debug/glibc/glibc/elf/dl-open.c
cfn=(1370) _dl_open
calls=1 845 
* 115562
* 1
+3 5

fn=(1366) dlerror_run
40 35
+5 14
-5 7
+5 7
-5 21
+2 7
+3 14
cob=(1)
cfi=(49) /usr/src/debug/glibc/glibc/elf/dl-catch.c
cfn=(156) _dl_catch_error
calls=7 258 
* 119406
* 7
+2 14
+2 14
+4 63

fn=(1364) __libc_dlopen_mode
152 8
+4 1
-2 1
+1 1
+1 1
+3 4
+4 7
-1 3
cfn=(1366)
calls=1 40 
* 115706
* 4

fn=(1408) __libc_dlsym
181 48
+6 6
-4 6
+1 6
+3 18
+5 42
-2 18
cfn=(1366)
calls=6 40 
* 3903
+1 90

fl=(328) /usr/src/debug/glibc/glibc/nptl/nptl_free_tcb.c
fn=(1506) __nptl_free_tcb
25 6
+2 12
-2 30
+6 18
+11 6
+2 12
-2 6
cfi=(265) /usr/src/debug/glibc/glibc/nptl/nptl-stack.c
cfn=(1508) __nptl_deallocate_stack
calls=6 +70 
* 1143

fl=(257) /usr/src/debug/glibc/glibc/nptl/pthread_getattr_default_np.c
fn=(1104) pthread_getattr_default_np@@GLIBC_2.34
24 12
+1 12
-1 24
+1 12
+1 18
cfi=(258) /usr/src/debug/glibc/glibc/nptl/pthread_attr_copy.c
cfn=(1106) __pthread_attr_copy
calls=6 -1 
* 264
+1 24
+2 18

fl=(259) /usr/src/debug/glibc/glibc/nptl/allocatestack.c
fn=(1164) name_stack_maps
587 72
+2 12
+4 12
-4 48
+4 12
+2 24
+5 6
+1 6
-2 6
+2 12
-1 6
+3 18
cfi=(278) /usr/src/debug/glibc/glibc/stdio-common/snprintf.c
cfn=(1166) snprintf
calls=6 26 
* 3294
* 24
cfi=(222) /usr/src/debug/glibc/glibc/misc/../sysdeps/unix/sysv/linux/setvmaname.c
cfn=(924) __set_vma_name
calls=6 33 
* 126
+2 54
-2 18
-7 18
+9 6
-9 18
+9 24
-9 6
cfi=(222)
cfn=(924)
calls=6 33 
* 126

fl=(253)
fn=(1070)
198 150990
+1 301980
+5 150990
+1 150990
+1 150990
+1 150990
+1 150990
+2 46496
+1 46496
+1 92992
+9 22925
+1 22925
+2 45850
+5 104494
+1 104494
+6 102412
+1 102412
+12 102412
+3 102412
+1 102412
+12 79487
+1 79487
+13 79487
+1 79487
+2 79487
+3 56641
+3 56641
+3 56641
+1 56641
+1 56641
+1 56641
+1 56641
+1 56641
+1 56641
-6 318414
+1 318414
+1 318414
+1 318414
+1 318414
+1 318414
+1 375055
+3 56641
+1 56641
+1 56641
+1 56641
+3 113282
-6 22846
+1 22846
+1 22846
+1 22846
+3 45692
+15 2082
+1 2082
+1 2082
+1 2082
+1 2082
+1 9887818
+5 2082
+2 4164

fl=(236) /usr/src/debug/glibc/glibc/stdio-common/printf_fp.c
fn=(1016) hack_digit
88 92
+3 23
-3 23
+3 52
+2 23
+2 46
-2 46
+8 20
+21 30
cfi=(243) /usr/src/debug/glibc/glibc/stdlib/../sysdeps/x86_64/mul_1.S
cfn=(1008) __mpn_mul_1
calls=10 -91 
* 210
+1 20
+1 50
+4 50
-23 60
cfi=(247) /usr/src/debug/glibc/glibc/stdlib/divrem.c
cfn=(1018) __mpn_divrem
calls=10 -59 
* 480
+2 10
-2 10
+2 30
+3 10
-2 10
+2 10
+1 60
+11 10
-4 20
-23 13
+1 39
-1 13
+1 13
cfi=(243)
cfn=(1008)
calls=13 -65 
* 273
+31 13
-31 13
+32 65
-37 18

fn=(992) __printf_fp_l_buffer
1099 70
+3 5
-3 20
+3 10
+13 10
+2 5
-2 5
cob=(3)
cfi=(154)
cfn=(560) 0x00000000049f4240
calls=5 0 
* 80
* 10
+1 25
+31 55
fi=(237) /usr/src/debug/glibc/glibc/stdio-common/../include/../locale/localeinfo.h
331 10
fe=(236)
1111 5
fi=(237)
331 5
fe=(236)
1112 10
+5 10
+5 35
cfn=(996) __printf_fp_buffer_1.isra.0
calls=5 138 
* 4906
+4 5

fn=(996)
138 90
+21 5
+18 5
+10 5
-28 35
+62 10
1030 55
226 20
+4 35
+36 5
+5 5
-49 5
+44 20
+1 5
+1 10
+3 65
+1 5
-1 5
+1 15
-1 5
+1 10
-1 5
+1 40
+1 5
-1 10
+1 60
+6 5
-6 10
+7 10
+17 1
+4 4
-4 2
+16 2
+11 1
-41 1
+10 1
+31 1
-30 7
+33 3
+41 1
+1 1
-1 1
+1 3
fi=(241) /usr/src/debug/glibc/glibc/stdio-common/../string/bits/string_fortified.h
29 1
cfi=(205)
cfn=(750)
calls=1 255 
* 11
fe=(236)
385 7
+18 1
-9 1
+2 2
-2 11
+2 22
-74 24
-4 12
+4 49
-4 1
+4 4
+15 2
-13 4
+53 1
-2 6
cfi=(242) /usr/src/debug/glibc/glibc/stdlib/mul.c
cfn=(1006) __mpn_mul
calls=1 48 
* 79
+5 2
+1 2
fi=(241)
29 2
fe=(236)
388 2
fi=(241)
29 1
cfi=(205)
cfn=(750)
calls=1 255 
* 11
fe=(236)
389 3
+1 3
+1 1
+3 1
-4 1
-1 1
+1 1
+1 3
+5 2
+1 2
+6 2
+4 1
+4 1
-4 1
+4 3
-4 9
+6 2
665 5
+9 5
-9 5
+9 5
+6 5
-15 5
+9 10
+6 5
-6 10
+2 10
+10 5
+6 5
-6 5
+20 21
-12 3
+13 6
+1 2
+13 3
+7 1
+3 2
-11 1
+8 1
+3 1
-3 1
+10 2
-7 2
+7 2
-10 2
+3 4
-11 2
+8 2
+3 2
-3 2
+10 4
-7 4
+7 8
+8 10
fi=(246) /usr/src/debug/glibc/glibc/stdio-common/../sysdeps/pthread/allocalim.h
27 5
fe=(236)
746 10
fi=(246)
27 5
cfi=(245) /usr/src/debug/glibc/glibc/nptl/alloca_cutoff.c
cfn=(1012) __libc_alloca_cutoff
calls=5 * 
* 55
+2 10
fe=(236)
759 10
-67 5
+67 60
fi=(246)
29 5
fe=(236)
759 15
+1 15
+3 12
+3 16
+7 24
+2 8
-4 4
+4 4
+13 8
-1 4
+2 4
+1 8
-2 2
-1 1
+2 1
+1 37
+3 12
-1 12
+2 12
-1 12
cfn=(1016)
calls=12 88 
* 1030
* 12
+3 24
-1 12
-6 12
+1 30
230 30
cfi=(238) /usr/src/debug/glibc/glibc/stdlib/../sysdeps/ieee754/dbl-64/dbl2mpn.c
cfn=(998) __mpn_extract_double
calls=5 33 
* 110
* 20
+4 5
382 3
805 15
+1 15
cfn=(1016)
calls=5 88 
* 318
+2 10
-2 5
+2 25
fi=(248) /usr/src/debug/glibc/glibc/stdio-common/../sysdeps/generic/get-rounding-mode.h
94 5
+1 35
fe=(236)
935 2
-11 10
+7 6
+4 10
+45 20
+3 10
+8 10
-4 5
+1 5
+3 5
+5 10
-9 10
+19 10
fi=(235)
163 15
fe=(236)
1009 15
+13 20
cfi=(232) /usr/src/debug/glibc/glibc/stdio-common/Xprintf_buffer_write.c
cfn=(984) __printf_buffer_write
calls=5 27 
* 269
+2 15
+4 10
483 8
655 9
+4 6
cfi=(239) /usr/src/debug/glibc/glibc/stdlib/../sysdeps/x86_64/lshift.S
cfn=(1000) __mpn_lshift
calls=3 28 
* 48
* 3
+1 15
+1 6
385 6
cfi=(240) /usr/src/debug/glibc/glibc/stdlib/cmp.c
cfn=(1002) __mpn_cmp
calls=2 31 
* 24
* 4
+3 2
987 10
+14 10
+2 10
fi=(249) /usr/src/debug/glibc/glibc/stdio-common/../include/rounding-mode.h
52 16
fe=(236)
830 6
+5 25
+2 1
-2 5
+3 2
+2 9
+2 2
-2 18
+2 4
+2 6
+80 6
-69 6
+80 3
-11 8
766 40
+3 8
cfn=(1016)
calls=4 88 
* 263
* 4
cfn=(1016)
calls=2 88 
* 244
* 6
-3 22
-77 2
-1 2
+1 4
+12 1
-9 2
+15 4
+15 2
-1 4
+1 6
994 20
+2 30
fi=(235)
163 10
fe=(236)
308 1
-2 1
+2 1
-3 1
+3 2
-3 1
+3 2
-3 1
cfi=(239)
cfn=(1000)
calls=1 28 
* 16
+4 2
-4 1
+4 7
+1 2
+1 5
781 1
+2 1
669 1
782 1
-1 1
+2 5
-9 10
499 3
cfi=(239)
cfn=(1000)
calls=1 28 
* 16
+1 5
+1 2
+2 1
+1 2
+7 1
-7 1
+7 1
623 1
-2 1
+2 4
509 11
+2 22
621 11
+2 22
+2 2
+4 5
cfi=(243)
cfn=(1008)
calls=1 31 
* 33
+1 1
+1 1
-1 1
+1 2
+3 1
-1 1
+1 1
-1 1
+1 2
+2 1
-2 2
+9 1
+1 1
-1 1
+2 2
+2 3
+42 1
+3 1
+2 1
+2 2
+42 2
-44 1
+2 2
+42 2
-44 14
-2 2
442 1
-3 2
+3 7
+16 2
+2 1
-2 1
cfi=(244) /usr/src/debug/glibc/glibc/stdlib/../sysdeps/x86_64/rshift.S
cfn=(1010) __mpn_rshift
calls=1 28 
* 18
+3 2
-1 1
+1 1
-1 1
+1 3
cfi=(244)
cfn=(1010)
calls=1 28 
* 18
+2 6
+14 2
+34 4
642 2
cfi=(244)
cfn=(1010)
calls=1 28 
* 18
+3 2
834 4

fl=(229) /usr/src/debug/glibc/glibc/stdio-common/vfprintf-internal.c
fn=(972) __vfprintf_internal
1522 26351172
+3 2195931
-3 6587793
+3 4391863
+4 10979655
+11 4391862
+11 8783712
+5 10979640
cfi=(230)
cfn=(974)
calls=2195928 108 
* 48311442
+3 10979640
cfn=(978) __printf_buffer
calls=2195928 600 
* 7702878960
+1 4391856
cfi=(230)
cfn=(1028)
calls=2195928 117 
* 140859965
+3 6587784
+1 4391856
+3 24155241
-42 4391860
+38 8783712
-12 8783712
cfi=(225) /usr/src/debug/glibc/glibc/nptl/libc-cleanup.c
cfn=(940) __libc_cleanup_push_defer
calls=2195928 24 
* 28547064
+1 30742992
-30 2195928
+30 4391856
+12 6587784
cfi=(225)
cfn=(942) __libc_cleanup_pop_restore
calls=2195928 54 
* 19763352
* 2195928
+2 2195928
-3 13175568
-20 12
cfi=(230)
cfn=(974)
calls=3 108 
* 72
+1 15
cfn=(978)
calls=3 600 
* 6862
+1 6
cfi=(230)
cfn=(1028)
calls=3 117 
* 834
* 3

fn=(978)
600 24155307
fi=(250) /usr/src/debug/glibc/glibc/stdio-common/printf-parse.h
82 2195937
fe=(229)
600 4391874
fi=(250)
82 2195937
fe=(229)
600 2195937
+27 6587811
+11 2195937
-11 2195937
+11 2195937
-11 2195937
+11 4391874
fi=(250)
82 2195937
cob=(3)
cfi=(154)
cfn=(980) 0x00000000049f4290
calls=2195937 -82 
* 46114709
fe=(229)
653 4391874
+1 2195937
fi=(250)
82 4391874
fe=(229)
654 2195937
-1 2195937
cfi=(232)
cfn=(984)
calls=2195937 27 
* 41723309
+2 6587811
+4 4391874
+4 15371559
-32 2195937
+11 2195937
-8 2195937
+29 4391874
+42 96620604
1044 24155307
705 48310302
-11 24155151
+5 24155151
+6 48310302
-14 24155151
-4 24155151
+18 24155151
-10 24155151
+10 24155151
-7 24155151
-6 24155151
+13 24155151
-12 24155151
-7 24155151
-1 24155151
+20 48310302
-21 24155151
-1 24155151
+22 24155151
-15 48310312
973 10
+3 175
+20 55
+1 5
263 5
+1 5
997 5
744 5
264 10
744 5
263 10
1024 24155151
fi=(250)
82 24155151
fe=(229)
1018 24155151
fi=(250)
82 48310302
cob=(3)
cfi=(154)
cfn=(980)
calls=24155151 -82 
* 507258171
fe=(229)
1028 48310302
+1 24155151
fi=(250)
82 24155151
fe=(229)
1029 24155151
-1 24155151
cfi=(232)
cfn=(984)
calls=24155151 27 
* 1306639935
+3 114187944
fi=(233) /usr/src/debug/glibc/glibc/stdio-common/vfprintf-process-arg.c
501 17567368
cfi=(232)
cfn=(984)
calls=4391842 27 
* 235064544
+1 4391842
-11 4391842
-88 24155131
+5 4391842
-5 2195921
+5 4391842
+14 30742894
+8 8783684
+25 13175526
fi=(235)
164 2195921
fi=(233)
378 6587763
+2 2195921
fi=(235)
163 13175526
fi=(233)
388 6587763
-1 2195921
fi=(235)
148 6587763
+1 6584625
+14 4391842
fi=(233)
+32 4
fe=(229)
814 4
-1 4
+1 8
+26 12
+15 52
fi=(233)
126 8
fe=(229)
784 8
fi=(233)
126 16
+10 35134766
+19 210808596
cfi=(234) /usr/src/debug/glibc/glibc/stdio-common/_itoa.c
cfn=(988) _itoa_word
calls=17567383 +14 
* 1286698449
+9 17567383
-3 17567383
-6 17567383
+6 17567383
+3 17567383
+6 35134766
-9 17567383
+3 17567383
-3 17567383
+9 17567383
-9 70269532
+36 46118211
-69 16
+27 17567383
+15 17567383
-32 17567383
+32 17567383
-15 17567383
+15 35134766
fi=(235)
-7 4389292
fi=(233)
+70 6583938
+3 35134766
-49 61490948
fe=(229)
888 8
fi=(233)
66 8
+1 17567383
-19 17567375
fe=(229)
784 17567375
fi=(233)
48 35134750
187 35134766
-1 35134766
+11 6583938
+2 4389292
+9 6583938
-9 4389292
+9 6583938
+3 4389292
fi=(235)
-48 4389292
fi=(233)
+77 70269532
cfi=(232)
cfn=(984)
calls=17567383 27 
* 941318574
* 17567383
-45 35134766
+4 17567383
-25 17567383
+21 70269532
+4 46118211
+2 46118211
+7 107609159
+3 15372737
+19 15372737
-19 15372737
-81 16
+1 48
-38 8
+38 8
-37 8
-2 16
fe=(229)
266 5
cfi=(236)
cfn=(992)
calls=5 1099 
* 5281
1001 5
fi=(235)
163 61490948
fi=(233)
50 35134750
+2 35134750
+1 74661370
-18 6587770
+22 6587770
+1 6587770
-1 6587770
+1 6587770
-1 6587770
+1 6587770
+2 6587770
-7 21959210
-18 10979605
+22 10979605
+1 10979605
-1 10979605
+1 10979605
-1 10979605
+1 10979605
+2 10979605
403 8783684
+32 13175526
cob=(3)
cfi=(154)
cfn=(560)
calls=4391842 0 
* 70304842
* 13175526
-47 8783684
fi=(250)
55 8
+10 4
-10 20
fi=(235)
+96 3138
cfi=(289) /usr/src/debug/glibc/glibc/stdio-common/Xprintf_buffer_putc_1.c
cfn=(1330) __printf_buffer_putc_1
calls=1046 23 
* 219132
* 1046
fi=(233)
-98 43918420
fe=(229)

fl=(122) /usr/src/debug/glibc/glibc/string/../sysdeps/x86_64/multiarch/strcasecmp.c
fn=(396) strcasecmp
31 2
fi=(81) /usr/src/debug/glibc/glibc/string/../sysdeps/x86_64/multiarch/ifunc-strcasecmp.h
+6 4
-1 8
fe=(122)
-5 4
fi=(81)
+7 6
+3 4
+4 6
+3 8
fe=(122)

fl=(175) /usr/src/debug/glibc/glibc/misc/sbrk.c
fn=(598) sbrk
37 16704
+6 4176
+35 6062
-38 4176
+18 4176
+4 4176
+4 4858
+8 1222
cfi=(176)
cfn=(600)
calls=1222 -38 
* 13300
* 2444
+4 497
-10 20
-2 20
+12 1151
-28 1151
+28 6906
-19 2
cfi=(176)
cfn=(600)
calls=1 -23 
* 9
* 2
+4 22

fl=(148)
fn=(482)
29 7
+2 49
+2 28
+2 28
+1 7

fl=(254) /usr/src/debug/glibc/glibc/nptl/pthread_create.c
fn=(1162) start_thread
338 66
+7 12
+22 24
+3 6
cfi=(148)
cfn=(482)
calls=6 29 
* 102
+3 18
cfi=(259)
cfn=(1164)
calls=6 587 
* 3660
+4 6
fi=(280) /usr/src/debug/glibc/glibc/nptl/../sysdeps/unix/sysv/linux/rseq-internal.h
41 12
+18 6
fe=(254)
388 30
+17 12
cfi=(183)
cfn=(650)
calls=6 28 
* 228
* 12
+14 12
-14 12
+18 12
-4 12
+4 60
+3 24
+3 12
+2 6
fi=(270) /usr/src/debug/glibc/glibc/nptl/../sysdeps/unix/sysv/linux/internal-signals.h
89 24
fe=(254)
431 6
fi=(270)
89 6
fe=(254)
433 6
+4 6
+6 6
+1 6
-7 6
+15 6
cfi=(320) /usr/src/debug/glibc/glibc/stdlib/cxa_thread_atexit_impl.c
cfn=(1482) __call_tls_dtors
calls=6 148 
* 78
+3 6
cfi=(321) /usr/src/debug/glibc/glibc/nptl/nptl_deallocate_tsd.c
cfn=(1484) __nptl_deallocate_tsd
calls=6 23 
* 36
+3 6
cfi=(322) /usr/src/debug/glibc/glibc/malloc/thread-freeres.c
cfn=(1486) __libc_thread_freeres
calls=6 31 
* 724938
+3 18
+31 12
+2 12
fi=(266) /usr/src/debug/glibc/glibc/nptl/../sysdeps/unix/sysv/linux/internal-sigset.h
102 6
fe=(254)
508 18
fi=(266)
102 12
fe=(254)
508 18
+7 30
+1 12
+1 24
+35 18
+1 18
fi=(259)
189 6
cfi=(260) /usr/src/debug/glibc/glibc/misc/../sysdeps/unix/sysv/linux/getpagesize.c
cfn=(1110) getpagesize
calls=6 27 
* 36
* 6
+2 30
+1 12
+1 12
fe=(254)
556 6
fi=(288)
146 6
fe=(254)
556 12
+17 18
+5 18
cfi=(259)
cfn=(1164)
calls=6 +9 
* 288
* 6
447 6
cob=(7)
cfi=(186)
cfn=(1172) thread_matches
calls=6 198 
* 2240745320556
fi=(259)
194 24
cfi=(262) /usr/src/debug/glibc/glibc/misc/../sysdeps/unix/syscall-template.S
cfn=(1354) madvise
calls=6 -77 
* 36
* 6
fe=(254)

fn=(1098) pthread_create@@GLIBC_2.34
626 96
+6 12
+13 24
+2 18
cfi=(257)
cfn=(1104)
calls=6 24 
* 384
* 6
+1 12
+2 12
fi=(259)
219 6
cfi=(260)
cfn=(1110)
calls=6 27 
* 36
fi=(261) /usr/src/debug/glibc/glibc/nptl/./nptl-stack.h
61 6
fi=(259)
219 12
fi=(261)
61 6
fi=(259)
219 6
fi=(261)
61 42
fi=(259)
223 6
fi=(261)
61 6
fi=(259)
223 12
+5 18
+10 12
+94 6
+1 18
+10 36
+4 12
fe=(254)
897 12
+1 12
cfi=(271) /usr/src/debug/glibc/glibc/nptl/pthread_attr_destroy.c
cfn=(1142) pthread_attr_destroy
calls=6 26 
* 36
+3 78
fi=(259)
347 24
+5 18
+1 6
-2 12
-22 6
66 12
329 12
66 12
+8 6
329 12
74 6
329 6
74 6
328 12
74 12
477 18
+29 30
+26 6
fe=(254)
755 6
fi=(259)
558 6
fe=(254)
674 6
fi=(259)
547 12
+11 6
+5 6
-26 6
+21 6
-11 6
-5 6
fe=(254)
689 6
fi=(259)
558 6
fe=(254)
683 6
fi=(259)
545 6
+18 6
fe=(254)
+81 6
+33 6
+12 6
-6 6
+1 6
+1 6
+4 6
-5 6
fi=(259)
547 6
fe=(254)
688 6
+2 18
+4 6
+1 6
+8 6
-8 18
+5 12
+3 6
-3 6
-11 6
+11 6
+3 12
+5 6
+1 6
-1 6
+1 6
+4 12
+5 12
fi=(342) /usr/src/debug/glibc/glibc/nptl/../sysdeps/x86/nptl/tls-setup.h
22 12
fe=(254)
730 12
+21 12
+4 12
+2 6
+10 6
fi=(270)
81 30
fe=(254)
772 12
fi=(270)
81 12
fe=(254)
780 18
fi=(266)
34 6
fe=(254)
609 24
836 36
cfn=(1130) create_thread
calls=6 236 
* 791
fi=(270)
89 18
fe=(254)
836 6
fi=(270)
89 18
fe=(254)
843 12
+40 12
+10 12
83 2
-2 1
+2 1
fi=(343) /usr/src/debug/glibc/glibc/nptl/../sysdeps/unix/sysv/linux/sigsetops.h
-29 1
fe=(254)
+27 1
+1 1
+1 1
cfi=(255) /usr/src/debug/glibc/glibc/signal/../sysdeps/unix/sysv/linux/libc_sigaction.c
cfn=(1100) __libc_sigaction
calls=1 -40 
* 51
+7 2
fi=(343)
+14 1
fe=(254)
-14 1
fi=(343)
+14 1
fe=(254)
-14 3
638 1
-3 1
+3 2
791 12
fi=(266)
102 6
+1 6
fi=(259)
-4 30
366 66
cfi=(221) /usr/src/debug/glibc/glibc/misc/../sysdeps/unix/sysv/linux/mmap64.c
cfn=(922) mmap
calls=6 47 
* 156
+3 18
-3 6
+3 6
+5 24
+6 12
+5 12
+1 6
+9 12
170 6
-4 6
+4 6
-4 6
+4 6
cfi=(262)
cfn=(1114) mprotect
calls=6 -53 
* 36
* 18
407 6
+4 6
+18 6
-18 6
-4 6
+9 6
-8 6
+8 6
+3 6
+7 6
+3 6
cob=(1)
cfi=(45) /usr/src/debug/glibc/glibc/elf/../elf/dl-tls.c
cfn=(1116) _dl_allocate_tls
calls=6 661 
* 750233
* 18
fe=(254)
663 1
+89 1
cfi=(195)
cfn=(1126) _IO_enable_locks
calls=1 545 
* 19
* 2
fi=(259)
442 30
+3 36
cfi=(265)
cfn=(1124) __nptl_stack_list_add
calls=6 43 
* 84
+2 30
+7 18
-88 12
+88 18
fe=(254)

fn=(1130)
236 66
+4 6
-4 18
+4 12
+4 12
+3 12
+1 12
+42 6
-3 6
+10 6
-10 6
+10 12
-10 54
+10 6
cfi=(267) /usr/src/debug/glibc/glibc/misc/../sysdeps/unix/sysv/linux/clone-internal.c
cfn=(1132) __clone_internal
calls=6 97 
* 443
+1 12
+5 6
+6 12
+12 12
+11 6
+1 66

fl=(78) /usr/src/debug/glibc/glibc/string/../sysdeps/x86/cacheinfo.c
fn=(286) __x86_cacheinfo
86 1
fi=(79) /usr/src/debug/glibc/glibc/string/../sysdeps/x86/cacheinfo.h
-24 1
+3 3
+2 1
+1 1
-1 2
+7 3
+2 1
+1 1
-1 2
+5 2
+3 2
+2 2
+1 2
+1 2
+2 2
fe=(78)
-4 2

fl=(223) /usr/src/debug/glibc/glibc/misc/../sysdeps/unix/sysv/linux/mremap.c
fn=(928) mremap
32 88
+4 33
+6 33
+7 44
+2 55

fl=(321)
fn=(1484)
23 6
+5 24
+82 6

fl=(262)
fn=(1114)
117 13400
+5 2680

fn=(1354)
117 130
+5 26

fn=(1188) munmap
117 70
+5 14

fl=(324) /usr/src/debug/glibc/glibc/resolv/res-close.c
fn=(1490) __res_thread_freeres
131 30
+1 6
cfi=(325)
cfn=(1492)
calls=6 242 
* 132
+2 30
+8 18

fl=(93) /usr/src/debug/glibc/glibc/wcsmbs/../sysdeps/x86_64/multiarch/wmemset.c
fn=(318) wmemset
31 2
fi=(94) /usr/src/debug/glibc/glibc/wcsmbs/../sysdeps/x86_64/multiarch/ifunc-wmemset.h
+5 10
+1 6
fe=(93)
-6 2

fl=(98) /usr/src/debug/glibc/glibc/string/../sysdeps/x86_64/multiarch/memcmpeq.c
fn=(330) memcpy@@GLIBC_2.14
29 4
fi=(83)
+28 12
-1 8
+4 12
+14 8
+3 8
+8 8
+8 8
+3 20
fe=(98)

fl=(116) /usr/src/debug/glibc/glibc/wcsmbs/../sysdeps/x86_64/multiarch/wcscmp.c
fn=(382) wcscmp
30 1
fi=(112)
+10 3
-2 4
fe=(116)
-8 2
fi=(112)
+11 2
+1 3
+3 2
+4 3
+3 5
fe=(116)

fl=(107) /usr/src/debug/glibc/glibc/string/../sysdeps/x86_64/multiarch/strnlen.c
fn=(358) strnlen
31 3
fi=(108)
+9 9
-2 12
fe=(107)
-7 6
fi=(108)
+10 6
+1 9
+3 6
+4 9
+3 15
fe=(107)

fl=(243)
fn=(1008)
31 25
+1 25
+3 25
+1 25
+1 25
+1 25
+1 25
+2 25
+1 25
+2 25
+1 25
+1 25
+1 25
+1 23
+2 23
+1 23
+1 23
+1 23
+26 2
+1 2
+1 2
+1 2
+1 2
+1 2
+1 2
+1 2
+1 2
+26 2
+1 2
+1 2
+2 2
+1 2
+1 2
+1 2
+1 2
+1 2
+2 2
+3 2
-5 23
+2 23
+3 23

fl=(185) /usr/src/debug/glibc/glibc/setjmp/sigjmp.c
fn=(654) __sigjmp_save
28 42
+2 14
-1 7
+5 28

fl=(228) /usr/src/debug/glibc/glibc/stdio-common/fprintf.c
fn=(970) fprintf
27 21959354
+4 4
+1 8
-1 20
+1 4
cfi=(229)
cfn=(972)
calls=4 1522 
* 9468
-5 6587781
+4 2195927
+1 4391854
-1 10979635
+1 2195927
cfi=(229)
cfn=(972)
calls=2195927 1522 
* 8148972392
+4 10979655

fl=(284) /usr/src/debug/glibc/glibc/string/../sysdeps/x86_64/multiarch/strncpy-avx2.S
fn=(1282) __strncpy_avx2
54 8690770
+18 8690770
+3 8690770
+3 8690770
+1 8690770
+1 8690770
+1 8690770
+1 8690770
+3 8661702
+1 8661702
+1 8661702
+4 8661702
+7 8661702
+2 8661702
531 8661702
+2 8661702
+1 8661702
+1 8661702
+2 8661702
+1 8661702
+1 8661702
+28 8661702
+1 8661702
+2 8285261
+1 8285261
+1 8285261
+1 8285261
+1 8285261
+23 8285261
+13 376441
+1 376441
+1 376441
+1 373811
+1 373811
+1 373811
+1 373811
+17 373811
+2 373811
-2 2630
+2 2630
+20 29068
+1 29068
+2 29068
+2 29068
+1 29068
+2 29068
+1 29068
+1 29068
+1 29068
+25 29068
+1 29068
+1 29068
+1 29068
+13 29068
+11 29068
+2 161951
+1 29068

fl=(206) /usr/src/debug/glibc/glibc/string/strtok.c
fn=(760) strtok
32 80981216
+2 161962432
cfi=(207) /usr/src/debug/glibc/glibc/string/strtok_r.c
cfn=(762) strtok_r
calls=80981216 +9 
* 9006842136

fl=(181)
fn=(628) __internal_atexit
36 8
+5 2
+2 8
+1 2
cfn=(630) __new_exitfn
calls=1 +36 
* 33
+2 2
+8 1
-2 1
+3 1
+1 1
-4 2
+1 1
+4 4
+1 1
+1 7

fn=(630)
80 1
+6 2
-6 4
+11 2
-10 1
+10 4
+2 4
-2 1
+10 1
-10 3
+45 1
+5 3
-4 1
+4 2
-18 1
-1 1
+12 1

fn=(626)
67 1
+1 2
cfn=(628)
calls=1 -32 
* 74

fl=(172) /usr/src/debug/glibc/glibc/malloc/arena.c
fn=(1498) __malloc_arena_thread_freeres
893 42
fi=(171)
3213 6
+2 6
-2 6
+2 6
+2 12
+4 6
+4 18
+8 10740
+1 2685
cfn=(862)
calls=2685 3359 
* 693630
-7 9207
+3 5370
-5 1152
+13 12
cfn=(862)
calls=6 3359 
* 1320
* 12
fe=(172)
899 12
+1 6
+2 12
+2 24
+3 18
+1 18
+2 6
+1 6
-1 6
+3 24
+2 36

fn=(1180) get_free_list
703 36
+3 12
-1 6
+26 42

fn=(584) ptmalloc_init.part.0
262 1
fi=(173) /usr/src/debug/glibc/glibc/malloc/../sysdeps/unix/sysv/linux/not-cancel.h
97 3
fe=(172)
262 7
+5 1
fi=(173)
97 3
fi=(171)
3143 2
fe=(172)
292 2
+4 3
fi=(171)
1946 6
+3 1
-3 1
+3 2
-3 2
+3 126
-3 126
+3 252
-3 252
+11 1
fe=(172)
300 3
fi=(171)
1958 1
+2 1
fe=(172)
300 1
cob=(1)
cfi=(11)
cfn=(28)
calls=1 438 
* 23
+1 4
cob=(1)
cfi=(11)
cfn=(28)
calls=1 438 
* 24
+1 4
cob=(1)
cfi=(11)
cfn=(28)
calls=1 438 
* 23
+1 4
cob=(1)
cfi=(11)
cfn=(28)
calls=1 438 
* 23
+1 4
cob=(1)
cfi=(11)
cfn=(28)
calls=1 438 
* 24
+1 4
cob=(1)
cfi=(11)
cfn=(28)
calls=1 438 
* 23
+1 4
cob=(1)
cfi=(11)
cfn=(28)
calls=1 438 
* 23
+2 4
cob=(1)
cfi=(11)
cfn=(28)
calls=1 438 
* 23
+1 4
cob=(1)
cfi=(11)
cfn=(28)
calls=1 438 
* 23
+1 4
cob=(1)
cfi=(11)
cfn=(28)
calls=1 438 
* 23
+3 4
cob=(1)
cfi=(11)
cfn=(28)
calls=1 438 
* 23
+1 4
cob=(1)
cfi=(11)
cfn=(28)
calls=1 438 
* 23
+2 2
+10 8

fn=(1184) new_heap
462 18
+1 18
+7 18
+1 6
-1 6
cfn=(1186) alloc_new_heap
calls=6 -90 
* 822

fn=(1186)
380 54
49 18
387 18
+2 12
+1 6
+5 12
+7 6
+2 6
-9 6
+9 6
-9 24
+7 12
+2 10
cfi=(221)
cfn=(922)
calls=2 47 
* 42
+1 2
-1 2
+2 10
+35 24
cfi=(262)
cfn=(1114)
calls=6 117 
* 36
* 12
+7 24
cfi=(222)
cfn=(924)
calls=6 33 
* 126
fi=(171)
2008 24
fe=(172)
453 6
+2 6
-2 6
+3 6
+2 54
-44 28
cfi=(221)
cfn=(922)
calls=4 47 
* 104
* 4
+1 8
+2 4
+1 12
+2 4
+3 4
-3 8
+3 3
+1 12
cfi=(262)
cfn=(1188)
calls=3 117 
* 18
* 4
cfi=(262)
cfn=(1188)
calls=1 117 
* 6
* 4
49 6
+6 12
421 3
cfi=(262)
cfn=(1188)
calls=1 117 
* 6
* 2

fn=(1182) arena_get2.part.0
828 6
+4 6
-14 48
+10 12
+2 18
+23 18
+12 42
-33 12
+23 42
638 18
cfn=(1184)
calls=6 462 
* 888
* 6
+2 12
+9 18
fi=(171)
1946 12
+3 6
-3 6
+3 12
-3 12
+3 756
-3 756
+3 1512
-3 1512
+7 18
+2 6
+3 6
fe=(172)
657 6
-6 6
+5 6
-3 18
+5 12
+1 12
+2 6
-1 6
+1 18
+2 6
+1 6
+4 6
-4 6
+1 6
+3 6
-2 6
+2 12
+3 12
+7 6
-2 6
+2 18
+2 24
-61 12
+63 24
+12 24

fl=(133) /usr/src/debug/glibc/glibc/string/../sysdeps/x86_64/multiarch/memmove.c
fn=(432) memmove
29 4
fi=(83)
+28 12
-1 8
+4 12
+14 8
+3 8
+8 8
+8 8
+3 20
fe=(133)

fl=(196) /usr/src/debug/glibc/glibc/io/../sysdeps/unix/sysv/linux/write.c
fn=(702) write
25 29139
+1 58294
+1 4
-2 174810
+1 29135
cfi=(276) /usr/src/debug/glibc/glibc/nptl/cancellation.c
cfn=(1158) __pthread_enable_asynccancel
calls=29135 +5 
* 524430
* 320485
cfi=(276)
cfn=(1302) __pthread_disable_asynccancel
calls=29135 +37 
* 437025
* 29135
+1 58270

fl=(99) /usr/src/debug/glibc/glibc/wcsmbs/../sysdeps/x86_64/multiarch/wcsncpy.c
fn=(334) wcsncpy
31 1
fi=(85)
+9 3
-1 4
+2 3
+3 2
+4 4
fe=(99)
-17 1

fl=(126) /usr/src/debug/glibc/glibc/string/../sysdeps/x86_64/multiarch/strchrnul.c
fn=(408) strchrnul
31 1
fi=(108)
+9 3
-2 4
fe=(126)
-7 2
fi=(108)
+10 2
+1 3
+3 2
+4 3
+3 5
fe=(126)

fl=(209) /usr/src/debug/glibc/glibc/string/../sysdeps/x86_64/multiarch/strcspn-sse4.c
fn=(770) __strcspn_sse42
87 80934356
+1 161868712
+8 242803068
+40 75834773
+3 75834773
-3 75834773
fi=(344) /usr/lib/gcc/x86_64-pc-linux-gnu/14.2.1/include/emmintrin.h
706 75834773
fi=(345) /usr/lib/gcc/x86_64-pc-linux-gnu/14.2.1/include/tmmintrin.h
138 151669546
fi=(210) /usr/lib/gcc/x86_64-pc-linux-gnu/14.2.1/include/smmintrin.h
687 75834773
fe=(209)
144 75834773
+4 7423201
fi=(210)
634 7423201
fe=(209)
150 7423201
-2 22269603
+1 82174
-50 80934356
fi=(344)
1341 80934356
fe=(209)
99 80934356
fi=(344)
1341 161868712
+98 80934356
fe=(209)
104 80934356
+1 161868712
+2 80934356
fi=(344)
706 80934356
fe=(209)
109 80934356
fi=(344)
706 80934356
fi=(345)
138 80934356
fe=(209)
-29 161868712
+21 10199166
+32 11546
fi=(210)
634 12481697
+53 24963394
+24 12481697
-24 12481697
+24 12481697
fe=(209)
160 24963394
+1 49903696
fi=(210)
634 5773
fe=(209)
163 17319
+5 5773
-23 136823144

fl=(326) /usr/src/debug/glibc/glibc/string/../sysdeps/unix/sysv/linux/tls-internal.c
fn=(1494) __glibc_tls_internal_free
24 30
+1 6
+1 12
cfi=(171)
cfn=(862)
calls=6 3359 
* 24
+1 6
+1 12
-1 6
cfi=(171)
cfn=(862)
calls=6 3359 
* 24

fl=(264) /usr/src/debug/glibc/glibc/nptl/pthread_mutex_unlock.c
fn=(1122) __pthread_mutex_unlock_usercnt
48 2196406
+3 6589218
+1 4392812
-4 6589218
+9 4392812
+5 2196406
+1 4392812
-24 2196406
+1 8785624
+30 2196406
+2 2196406
+32 4392812
-61 8843132
cfi=(287)
cfn=(1304)
calls=28754 +20 
* 201278
* 57508
+22 4392812
+9 20
+6 40
+4 30
+3 20

fn=(1120) pthread_mutex_unlock@@GLIBC_2.2.5
367 2196406
+1 4392812
cfn=(1122)
calls=2196406 48 
* 64012178

fl=(204) /usr/src/debug/glibc/glibc/string/../sysdeps/x86_64/multiarch/memchr-avx2.S
fn=(744) __memchr_avx2
61 95509
+7 95509
+2 95509
+3 95509
+1 95509
+2 95509
+1 95509
+1 95509
+1 95509
+3 95157
+1 95157
+3 95157
+1 95157
+2 94779
+1 94779
+1 353
+1 353
+2 706
+7 378
+5 378
+7 378
+1 378
+7 371
+1 371
+1 371
+1 742
+4 378
+1 378
+4 372
+1 372
+1 372
+1 744
+4 368
+1 368
+1 368
+1 736
+5 342
+1 342
+1 342
+1 684
+10 94778
+1 94778
+1 94778
+2 94778
+10 94778
+1 94778
+3 94778
+1 94778
+2 93305
+1 93305
+2 92934
+1 92934
+1 92934
+1 92934
+2 92562
+1 92562
+1 92562
+1 92562
+2 92194
+1 92194
+1 92194
+1 92194
+4 91852
+1 91852
+3 90452
+1 90452
+1 90452
+1 90452
+5 180904
+10 90452
+1 90452
+1 90452
+1 90452
+1 90452
+1 90452
+1 90452
+2 90452
+6 90452
+1 90452
-15 1404409
+1 1404409
+1 1404409
+1 1404409
+1 1404409
+1 1404409
+1 1404409
+2 1404409
+6 1404409
+1 1404409
+2 1450186
+2 1450186
+1 1450186
+4 45777
+1 91554
+8 45777
+1 45777
-1 1473
+1 1473
+3 46874
+1 46874
+4 46857
+1 46857
+3 730
+1 730
+1 730
+1 730
+1 730
+4 92254
+8 44675
+1 44675
+1 44675
+2 33661
+1 33661
+1 33661
+2 22768
+2 22768
+1 22768
+1 22768
+4 22768
+2 22768
+1 45536
+5 376
+2 376
+2 376
+1 376
+1 376
+1 376
+1 752
+3 730
+1 1460
+5 11014
+4 11014
+2 11014
+1 22028
+4 10893
+4 10893
+2 10893
+1 21786
+5 1400
+1 1400
+5 1400
+2 1400
+1 1400
+3 1400
+1 2075
+3 675
+1 675
+1 675
+1 675
-3 742
+1 742
+1 742
+1 742
+2 1417
+1 1417
+3 1417
+1 1417
+3 1417
+1 1417
+4 1416
+1 1416
+2 725
+1 725
+2 725
+1 725
+1 725
+1 2
+1 2
+1 2
+2 2832
+4 1
+1 1
+1 1
+1 2
+8 352
+3 352
+1 352
+1 352
+3 352
+1 352
+7 352
+3 352
+1 352
+2 352
+1 352

fl=(234)
fn=(988)
169 17567383
+3 70269532
+2 35134766
+9 1128592002
+9 35134766

fl=(314) /usr/src/debug/glibc/glibc/nptl/pthread_once.c
fn=(1450) pthread_once@@GLIBC_2.34
136 6
+3 6
+1 12
+4 10
-8 2
+7 1
cfn=(1452) __pthread_once_slow.isra.0
calls=1 -76 
* 86
+1 3

fn=(1452)
67 10
+9 1
+4 2
+52 9
-44 2
+4 2
+9 2
+13 13
cfi=(274) /usr/src/debug/glibc/glibc/nptl/cleanup_compat.c
cfn=(1152) _pthread_cleanup_push@@GLIBC_2.34
calls=1 -89 
* 7
+2 1
cob=(8) /usr/lib/libgcc_s.so.1
cfi=(305) /usr/src/debug/gcc/gcc/libgcc/unwind-dw2.c
cfn=(1454) init_dwarf_reg_size_table
calls=1 1317 
* 19
+2 3
cfi=(274)
cfn=(1456) _pthread_cleanup_pop@@GLIBC_2.34
calls=1 -78 
* 6
fi=(288)
+91 3
fe=(314)
-85 1
fi=(288)
+85 5
fe=(314)

fl=(303) /usr/src/debug/glibc/glibc/csu/../sysdeps/generic/unwind-resume.c
fn=(1466) _Unwind_GetCFA
57 144
-30 24
cfi=(294) /usr/src/debug/glibc/glibc/misc/unwind-link.c
cfn=(1362) __libc_unwind_link_get
calls=24 +15 
* 528
+1 48
+30 48
+1 24
-1 48
+1 24
-1 24
cob=(8)
cfi=(305)
cfn=(1468) _Unwind_GetCFA
calls=24 267 
* 72

fn=(1414) _Unwind_ForcedUnwind
50 60
-23 6
cfi=(294)
cfn=(1362)
calls=6 +15 
* 132
+1 12
+23 6
+2 6
-2 18
+2 12
-2 12
+2 12
-2 6
cob=(8)
cfi=(304) /usr/src/debug/gcc/gcc/libgcc/unwind.inc
cfn=(1416) _Unwind_ForcedUnwind
calls=6 207 
* 45006

fl=(336) /usr/src/debug/glibc/glibc/posix/../sysdeps/unix/sysv/linux/_exit.c
fn=(1626) _Exit
27 2
+3 2

fl=(86) /usr/src/debug/glibc/glibc/string/../sysdeps/x86_64/multiarch/stpcpy.c
fn=(302) stpcpy
33 2
fi=(87) /usr/src/debug/glibc/glibc/string/../sysdeps/x86_64/multiarch/ifunc-strcpy.h
+5 4
+1 2
-1 4
+1 4
+3 4
+4 6
+3 6
fe=(86)
-16 2

fl=(131) /usr/src/debug/glibc/glibc/string/../sysdeps/x86_64/multiarch/strlen.c
fn=(424) strlen
29 5
fi=(108)
+11 15
-2 20
fe=(131)
-9 10
fi=(108)
+12 10
+1 15
+3 10
+4 15
+3 25
fe=(131)

fl=(189) /usr/src/debug/glibc/glibc/time/../sysdeps/unix/sysv/linux/clock.c
fn=(670) clock
25 8
+6 4
-6 8
+6 16
cfi=(190) /usr/src/debug/glibc/glibc/time/../sysdeps/unix/sysv/linux/clock_gettime.c
cfn=(672) clock_gettime@@GLIBC_2.17
calls=4 -1 
* 44
* 8
+4 4
-1 4
+1 24
+1 20

fl=(279) /usr/src/debug/glibc/glibc/libio/vsnprintf.c
fn=(1168) __vsnprintf_internal
93 30
fi=(346) /usr/src/debug/glibc/glibc/libio/../include/printf_buffer.h
+31 6
fe=(279)
-31 6
fi=(346)
+31 6
fe=(279)
-31 36
fi=(346)
+44 6
-13 6
+13 6
-10 6
+1 6
fe=(279)
-65 12
+3 6
+30 18
cfi=(229)
cfn=(978)
calls=6 600 
* 2808
-21 18
+1 6
+11 12
cfi=(251)
cfn=(1032)
calls=6 -62 
* 108
+11 36

fl=(171)
fn=(612)
3407 30594058
+6 5562556
+4 5562556
3538 328249
3425 328249
3538 1969494
3425 328249
cfn=(580)
calls=328249 3294 
* 40694558
-1 5562556
5238 2453029
3433 2453029
5239 7359087
-1 4906058
+2 4906036
3489 7044
+49 22077261
5241 2453018
3441 4906036
+2 72274
+1 144548
+12 7337955
fi=(172)
153 7337955
fe=(171)
3464 9783984
+1 4891992
1326 4891992
+19 14675976
3475 4891992
+31 4891970
+9 3586252
+2 5379378
cfn=(748) _int_realloc
calls=896563 4914 
* 10516714106
+2 896563
-2 896563
+2 3586252
+1 4482815
fi=(172)
153 2689677
-98 896559
+92 4482795
fe=(171)
3520 896559
fi=(172)
147 896559
+6 896559
fe=(171)
3520 1793118
-79 22
+12 22
fi=(172)
55 896563
+92 5379378
+6 1793126
fe=(171)
3508 9296532
cfn=(748)
calls=1549422 4914 
* 808674238
* 1549422
+1 7747110
fi=(172)
153 6197668
fe=(171)
3509 3098834
3056 11
+1 11
+6 11
-5 11
-2 11
+7 11
+2 11
+1 33
+1 11
-1 22
+1 55
+4 99
+3 22
+3 66
cfi=(223)
cfn=(928)
calls=11 32 
* 253
+3 33
-3 11
+3 11
2008 66
3085 11
+2 33
+2 22
+1 11
+3 11
-3 33
+3 33
+2 55

fn=(912) _int_free_merge_chunk
4665 37705816
+1 9426454
-1 37705816
+5 56558724
+3 18852908
+5 28279362
+3 18852908
+1 18852908
+1 18852908
1992 28279362
4689 18852908
+2 1768083
+2 1768083
-1 1768083
+2 7072332
+2 3536166
cfn=(888) unlink_chunk.isra.0
calls=1768083 1608 
* 48149893
+4 56558724
cfn=(914) _int_free_create_chunk
calls=9426454 +13 
* 473116443
+76 18852908
-74 75740814
cfn=(916) _int_free_maybe_consolidate.part.0
calls=329182 +67 
* 15976542510
-27 19317
-2 12878

fn=(590) tcache_init.part.0
3242 28
+9 32
+1 3
cfn=(592) _int_malloc
calls=1 1326 
* 384
+1 2
+8 4
+9 7
fi=(177) /usr/src/debug/glibc/glibc/malloc/../string/bits/string_fortified.h
59 14
fe=(171)
3270 7
fi=(177)
59 602
fe=(171)
3274 21
fi=(172)
824 6
cfn=(1180)
calls=6 703 
* 96
* 6
+1 30
cfn=(1182)
calls=6 +3 
* 6030
fe=(171)
3252 24
cfn=(592)
calls=6 1326 
* 798
+1 12
+7 12
+8 12
-7 24

fn=(1306) munmap_chunk
3024 7
+2 7
-1 7
+1 14
+2 7
-3 7
-1 7
+4 7
+3 14
+7 7
-8 7
+9 7
-8 7
+1 7
+6 21
+1 28
+3 7
+1 21
+6 7
-1 14
cfi=(262)
cfn=(1188)
calls=7 117 
* 42

fn=(888)
1608 2915024596
+2 8745073788
-2 2915024596
+2 5830049192
+3 2915024596
+1 5830049192
+2 11660098384
-3 2915024596
+6 2915024596
+1 2915024596
+1 6832701629
+2 113022906
+1 169534359
+3 113022906
+14 38267217
+1 38267217
+3 5793560720
-16 36488472
+4 66530676
+2 16632669
+1 33265338
+9 33265338
-32 1611567
+17 1611567
+15 3223134

fn=(920) sysmalloc_mmap_fallback.constprop.0
2490 12661
+4 1151
+3 3453
+1 5
+3 2302
+1 2302
+4 1151
-1 2302
+3 9208
cfi=(221)
cfn=(922)
calls=1151 47 
* 29926
* 1151
+3 2302
+4 2302
+4 4604
cfi=(222)
cfn=(924)
calls=1151 33 
* 24207
+5 1151
+2 1151
+2 10359
2008 4604

fn=(592)
1326 5573265920
3846 25079696640
1345 2786632960
3846 2786632960
1345 8359830335
3887 5573128830
1794 2786564415
3914 5573128830
+65 5555204492
-63 11110408984
+3 2777602246
+2 5555204492
+2 174340298
-6 87170149
+9 174340298
+1 19014610
+5 7605844
+1 7605844
-1 166734454
+1 166734454
+7 87170149
-1 174340298
+1 435850745
+5 87170149
+1 87170149
3165 87170149
3946 87333930
+5 25768620
3163 8589540
+2 12884310
+2 4294770
-1 4294770
+1 8589540
3945 4294770
+1 8589540
3163 1163724950
+2 1745587425
+2 581862475
-1 581862475
+1 1163724950
3945 581862475
+1 2933766254
+2 1172314490
+2 1754176965
+27 17924338
+62 54567256
+1 24802368
+20 2653925847
-1 2653925847
-1 2653925847
+1 5307851694
+1 5307851694
-2 5307851680
+12 13269629235
-1 4669121624
+4 4669121624
+1 2334560812
+2 4669121624
-3 1909758616
+1 954879308
+2 1909758616
+1 9868320360
+2 3289440120
+1 13157760480
+2 13157760480
-10 3289440120
+12 6578880240
+1 6578880240
+2 6578880240
+11 11369737782
+29 968865080
+1 968865080
+4 1937730160
+29 1930767898
+8 1375043380
+1 26292104
+1 26292104
-1 26292104
+4 52584208
-4 257383612
+1 257383612
-1 257383612
+4 514767224
+5 267446143
-2 534892286
+2 802338429
+1 534892286
+7 9640279
-1 38561116
+2 28920837
3929 1500371370
-42 137090
+27 137090
+66 2691195355
+2 2691195355
-2 2691195355
+2 5382390710
+2 45536964
+1 91073928
+6 45536964
-4 45536964
+1 45536964
+1 45536964
+2 91073928
+1 45459316
+6 182147856
-1 91073928
+1 91073928
+5 299650160
+1 292026117
+2 117502304
-2 215522309
1985 6946077
4020 6946077
1985 52483041
4020 38590887
1985 341087691
4487 25079696640
3954 10472461634
-40 205635
1345 68545
3919 137090
+2 137090
+9 8071501926
4041 7311696
cfn=(886) malloc_consolidate
calls=3655848 4811 
* 173694926420
* 3655848
+93 119530487
+1 119530487
-1 119530487
+1 239060974
+1 119470711
-15 119470711
+19 238941422
-19 59776
+19 119552
+1 713899458
3163 118731997
+4 118731997
4144 118731997
3163 118731997
+2 474927988
+1 118731997
+1 118731997
4145 118731997
3165 1745587425
4163 1920232158
+1 2880348237
+1 960116079
-1 960116079
+57 1920232158
+9 960116079
-9 1920232158
+9 960116079
-9 1920232158
+10 960116079
-9 960116079
+1 960116079
+1 960116079
+1 960116079
+6 1920232158
-10 567351432
+9 283675716
-9 567351432
+9 283675716
-9 567351432
+10 283675716
-9 283675716
+1 283675716
+1 283675716
+1 283675716
+6 567351432
+1 19245243
+1 38490486
+7 3731375385
4070 4087571373
4246 1222933452
+11 1831631745
+2 23142405
+3 7714135
-3 7714135
+3 15428270
+1 613540615
+71 1217746814
-4 608873407
+1 608873407
+1 608873407
-1 608873407
+1 608873407
+1 1217746814
+1 2435493628
+5 1826620221
-9 20
+1 20
+1 20
-1 20
+1 20
+1 40
+1 80
+5 890418636
+16 2821776714
+2 5643553428
-4 7375113768
+8 865780170
+3 1731560340
+2 277849372
+1 277849372
+1 277849372
-2 1111397488
-27 277849372
4099 4653313562
+2 2320575040
-1 4641150080
+27 394457202
+1 394457202
+4 788914404
+29 806698383
+8 999530764
-86 694713
3979 4168278
+29 58751152
+1 58751152
+1 117502304
+1 58692188
+1 58692188
3159 58692188
+8 58692188
4013 58692188
3163 117384376
+2 234768752
+1 58692188
+1 58692188
+1 58692188
4012 58964
3159 58964
+8 58964
4013 58964
3163 117928
+2 235856
+1 58964
+1 58964
+1 58964
4218 16229573
-48 16229573
+48 276170559
4346 489880439
-3 378312849
4443 20942629
+1 41885258
+2 41885258
+3 62827887
+17 29456
+2 5776
cfn=(886)
calls=2888 4811 
* 6125013
+2 8664
4070 2888
4471 2888
4070 2888
4471 2888
4070 14380
+99 58087714
+23 1289029320
+3 306991550
+1 920974650
-3 1129594828
+6 257805864
+7 12397378
-1 49589512
+2 24794756
+2 12397378
+1 37192134
+2 12397378
+1 24794756
-1 245408486
+1 490816972
4348 107783493
+1 71855662
4169 15696305
+33 490816972
-33 2521460
4373 1763792394
+3 1175861596
+2 587930798
+3 1175861596
-3 1175861596
+3 587930798
cfn=(888)
calls=587930798 1608 
* 12468615600
+3 2351723192
+15 810898012
-5 405449006
+5 810898012
+1 810898012
+3 405449006
+1 405449006
+1 405449006
+3 810898012
+1 399864110
+1 810898012
+2 17900166
+3 71600664
+2 26850249
+1 8950083
1985 8950083
4421 8950083
1985 17900166
4415 3171991384
+2 1189496769
+1 396498923
1985 396498923
4421 396498923
1985 975479638
4421 182481792
1985 364963584
4387 182481792
-1 182481792
+1 364963584
+1 360042788
+93 13428
cfn=(594) sysmalloc
calls=4476 2532 
* 861275
* 4476
+1 8952
+1 7794912348
cfn=(602) alloc_perturb
calls=1948728087 1985 
* 7794912348
* 3897456174
3178 116468472
+21 116468472
-21 232936944
+4 232936944
+4 465873888
+4 116468472
+1 232936944
4248 116468472
+18 1670508
+1 1670508
+2 1384553
-2 15275305
+6 3341016
+2 1038385
-1 2076770
+2 617740
+2 617740
+1 1235480
-1 1235480
+1 617740
cfn=(888)
calls=617740 1608 
* 14825760
-1 1052768
+1 2105536
-1 2105536
+1 1052768
cfn=(888)
calls=1052768 1608 
* 34741344
+3 6682032
+13 1002740
-4 501370
+4 1002740
+1 1002740
+3 501370
+1 501370
+1 501370
+1 1002740
+2 224472
+3 897888
+2 336708
+1 112236
+3 112236
+1 112236
-7 3113072
+2 1167402
+1 389134
+3 389134
+1 389134
-1 1169138
+1 1169138
4454 20935265
-2 20935265
+2 20935265
-1 20935265
+1 20935265
-3 20935265
+8 20935265
-5 20935265
+2 20935265
-2 83741060
+2 20935265
+4 20935265
4105 1926117838
-1 1926117838
+3 1926117838
-1 1926117838
+1 3852235676
+1 5778353514
+1 3852235676
+2 1287392252
+4 5149569008
+2 1931088378
+4 643696126
-3 643696126
+4 643696126
-7 10259373696
+2 3847265136
+4 1282421712
-3 1282421712
+4 1282421712
4285 1169138
-1 1169138
+1 2338276
+1 2288546

fn=(594)
2532 40284
+20 4476
-20 13428
+20 4476
+11 8952
+1 8952
-11 4464
+35 4464
+11 4464
-10 13392
+1 4464
+9 40171
+6 17852
+3 13392
fi=(172)
55 9756
fe=(171)
2616 3252
fi=(172)
147 3252
fe=(171)
2616 9756
fi=(172)
479 3252
fe=(171)
2615 3252
fi=(172)
483 9756
+1 3252
+1 6504
+3 9756
+10 3252
+1 3252
fe=(171)
2619 9756
+1 3252
2926 3252
2619 3252
+1 3252
-1 3252
+1 3252
-1 3252
+1 3252
2921 8928
+1 3880
+5 3880
+3 15520
-3 584
+3 2336
+5 8928
-2 4464
+2 4464
-1 4464
+1 4464
-3 4464
+3 4464
+1 4464
-1 13392
+1 4464
+2 4464
+6 49236
2565 36
+3 48
+8 48
cfn=(926) sysmalloc_mmap.isra.0
calls=12 2400 
* 1310
+1 24
+92 2424
+9 4848
+13 3636
+8 6060
+8 2424
+20 4604
+11 2302
+4 2302
+2 2302
+2 5755
+9 2306
+40 3
+22 2
+1 6
+2 2
+1 2
cfi=(174) /usr/src/debug/glibc/glibc/malloc/morecore.c
cfn=(596) __glibc_morecore
calls=1 25 
* 33
+12 2
-12 1
+12 1
2008 4
2782 6
fi=(172)
490 24012
cfi=(262)
cfn=(1114)
calls=2668 117 
* 16008
* 10672
+5 10672
fe=(171)
2732 10359
cfn=(920)
calls=1151 2490 
* 116292
+2 3453
-2 1151
+2 1151
2921 549
+5 4350
fi=(172)
55 6504
fe=(171)
2926 1212
2709 4848
cfi=(174)
cfn=(596)
calls=1212 25 
* 64007
+1 4848
-1 1212
+1 1212
2008 244
2712 1212
+3 2424
+29 61
+2 61
-2 61
+2 244
+6 122
+1 60
2926 60
2753 180
+94 3453
-65 1151
+84 2302
+10 1152
+1 1152
-2 1152
+1 4608
+1 1152
+11 2304
+7 2302
+1 3453
+8 1151
+2 1151
+5 2302
+2 2196
cfn=(752) _int_free
calls=549 4495 
* 67850
* 549
2745 2
+38 3
2017 3

fn=(886)
4811 3905794
+17 3905794
-17 19528970
+28 3905794
-28 11717382
+15 3905794
+2 3905794
+13 7811588
+1 7811588
-1 70304292
+1 70304292
+62 117173820
+1 31246352
-31 5447124084
+4 1462822777
+2 1462822777
+1 2925645554
+1 2925645554
+2 2925645554
-4 1260739265
+1 2521478530
+1 2521478530
+2 2521478530
+1 643100970
+4 321550485
+2 321550485
-2 643100970
+3 321550485
+9 643100970
-12 2402011557
+2 2402011557
-2 4804023114
+3 2402011557
+9 7516441993
-56 5447233312
+4 8170849968
+1 10894466624
+8 2723616656
-3 5447233312
+3 2723616656
-3 2723616656
+4 2723616656
-4 2723616656
+5 2723616656
-5 2723616656
+5 2723616656
+2 5447233312
+1 1059229851
+2 1059229851
-1 1059229851
+2 4236919404
+2 6355379106
cfn=(888)
calls=1059229851 1608 
* 23567947960
* 4236919404
+3 5447233312
+25 54614
+1 109228
+1 109228
-22 2521478530
-1 2521478530
+1 1260739265
cfn=(888)
calls=1260739265 1608 
* 26605605710
* 3782217795

fn=(916)
4769 3621002
+9 987546
+3 246372
fi=(172)
55 328241
+92 328241
-92 656482
545 984723
147 656482
fe=(171)
4794 984723
+1 328241
fi=(172)
539 328241
55 328241
fe=(171)
4795 328241
fi=(172)
55 328241
585 328241
+1 656482
+5 120
+4 60
+1 60
fe=(171)
4798 3611531
-19 494116
cfn=(886)
calls=247058 +32 
* 15959542534
+2 741174
+3 4705
+1 3444
+13 6027
-13 861
cfn=(918) systrim.constprop.0
calls=861 2957 
* 61040
fi=(172)
510 40
+1 40
fi=(290) /usr/src/debug/glibc/glibc/malloc/../sysdeps/unix/sysv/linux/malloc-sysdep.h
38 60
fi=(172)
516 19
+9 100
cfi=(262)
cfn=(1354)
calls=20 117 
* 120
* 20
+3 20
+1 20
+77 20
-3 20
+3 40
fe=(171)
4798 20
fi=(290)
41 2
+2 1
-2 1
+2 2
+2 5
cfi=(291)
cfn=(1350)
calls=1 -17 
* 26
+2 2
-2 1
+11 1
-9 2
fi=(172)
516 2
+69 656482
fi=(290)
50 6
cfi=(292) /usr/src/debug/glibc/glibc/io/../sysdeps/unix/sysv/linux/read_nocancel.c
cfn=(1352) __read_nocancel
calls=1 -25 
* 6
+1 10
fi=(173)
+24 1
cfi=(226) /usr/src/debug/glibc/glibc/io/../sysdeps/unix/sysv/linux/close_nocancel.c
cfn=(950) __close_nocancel
calls=1 -50 
* 6
fi=(290)
-19 3
fe=(171)

fn=(918)
2957 5166
+9 2583
+2 861
+1 1722
+5 861
+1 861
-1 1722
+4 4305
+2 1722
-10 851
+50 5166
-33 1710
cfi=(174)
cfn=(596)
calls=855 25 
* 28215
* 855
+1 3420
+12 30
cfi=(174)
cfn=(596)
calls=10 25 
* 520
+1 20
cfi=(174)
cfn=(596)
calls=10 25 
* 330
+2 10
+2 20
+4 20
+4 20
-1 10
+1 20
+2 20

fn=(580)
3294 29306464496
+7 7326616124
1326 7326616122
+19 18307802210
3311 7309139924
+2 14653232248
+3 7326616122
+10 5569494136
+8 22008727096
+2 8253272661
cfn=(592)
calls=2751090887 1326 
* 670120539609
+3 5502181774
+8 11004363548
+4 8253272661
fi=(172)
153 8253272652
-98 2751090884
+92 13755454420
fe=(171)
3351 2751090884
fi=(172)
147 2751090884
+6 2751090884
fe=(171)
3351 5502181768
+3 16708482408
3248 4
cfn=(590)
calls=1 -6 
* 498
+68 2
+1 5
+1 10966868262
3178 1757121988
+4 1757121988
+4 878560994
+4 878560994
-4 2635682982
+4 878560994
+1 878560994
3354 5271365964
-26 134624724
cfn=(592)
calls=33656181 1326 
* 4765134494
+1 168280905
fi=(172)
153 67312362
264 1
cfn=(584)
calls=1 -2 
* 1129
fe=(171)
1326 2

fn=(618)
3699 255626
+10 127813
-10 894691
+10 1022504
+8 255626
+3 383439
+2 255626
+3 1022360
+7 127795
+8 127795
-7 255590
+7 255590
fi=(172)
55 127789
+92 766734
fe=(171)
3743 511156
+11 383367
cfn=(592)
calls=127789 1326 
* 52836389
* 18
cfn=(592)
calls=6 1326 
* 747941
+2 894655
fi=(172)
153 255626
-98 127789
+92 766734
fe=(171)
3756 255578
+3 255578
+9 255578
+1 383367
-37 18
+1 18
+21 36
-21 36
+21 18
cfn=(592)
calls=18 1326 
* 6290
+2 36
+81 1021512
-68 24
+15 127795
+3 511180
+9 127813
-12 127813
+12 255626
+3 639065
+8 127813
+2 255626
+2 255626
+5 127689
+2 127689
-2 127689
+3 255378
+2 38330
+2 76660
+2 1968
+2 3936
+2 3926
-73 72
+3 66
+78 124
fi=(177)
59 248
fe=(171)
3837 744
fi=(177)
59 124
cfi=(253)
cfn=(1070)
calls=124 198 
* 66715
fe=(171)

fn=(926)
2400 60
+13 36
-13 12
+18 24
+63 7
-60 108
cfi=(221)
cfn=(922)
calls=12 47 
* 312
* 12
+3 24
+4 24
+4 48
cfi=(222)
cfn=(924)
calls=12 33 
* 252
+16 36
+19 12
-1 12
+5 12
-4 24
+4 24
+1 52
+3 36
+1 58
+5 77
2008 48

fn=(602)
1985 5846184261
+2 1948728087

fn=(862)
3359 3649360976
+4 7298721952
-4 10948080945
+14 3649360315
-14 10948080945
+12 3649360315
+4 3649360315
-4 3649360315
+4 7298720630
+17 10948080924
fi=(172)
153 10948080924
-98 3487920354
+92 20927522124
+6 3487920354
fe=(171)
3398 10463761062
cfn=(752)
calls=3487920354 4495 
* 306247665595
* 484319862
cfn=(752)
calls=161439954 4495 
* 9356861059
+3 3649360308
+1 21896161848
-23 21
+2 26
+2 6
+1 6
-1 6
+1 6
+1 6
+3 12
cfn=(1306)
calls=6 3024 
* 216
* 2
cfn=(1306)
calls=1 3024 
* 36
+13 7
+1 703
3248 10794
cfn=(590)
calls=6 -6 
* 7656
fi=(172)
153 18
fe=(171)

fn=(748)
4914 19567880
+11 9783940
+1 12229925
+1 9783940
+6 4891970
+2 4891970
+1 7337955
+2 9783940
+3 4891970
+14 648378
+53 1296756
-53 1296756
+57 648378
-57 648378
+57 1296756
-2 1296756
+2 91210
+1 45605
+16 45605
+1 410445
-1 602773
+1 21603420
-79 4761488
+12 4681520
+12 5274216
cfn=(592)
calls=1758072 1326 
* 2476406048
* 1758072
+1 3516144
+3 1758072
+6 3516144
+8 1757715
fi=(177)
29 3515430
fe=(171)
4992 1757715
+1 10546290
fi=(177)
29 1757715
cfi=(205)
cfn=(750)
calls=1757715 255 
* 7911479705
fe=(171)
4997 7030860
cfn=(752)
calls=1757715 4495 
* 201289380
+2 3515430
+22 602773
-4 602773
+3 602773
+5 602773
-4 602773
-1 602773
+1 602773
+4 602773
-1 602773
+1 602773
cfn=(752)
calls=602773 4495 
* 539106252
* 602773
-60 655715
-1 1311430
+5 1748340
cfn=(888)
calls=582780 1608 
* 14804490
+44 582780
-1 582780
+1 582780
-48 1165560
+15 714
+7 357
+19 714
-13 357
+20 714
-61 39984
+1 39984
-2 79968
+4 39892
+4 39892
-4 119676
+2 39892
-2 39892
+2 39892
-2 159568
+1 79784
+1 39892
+2 39892

fn=(914)
4713 94264540
+1 18852908
+6 18822774
+4 6308076
+9 6308076
-1 6308076
+1 18924228
+1 12616152
-1 3103311
-1 3103311
+1 9309933
+1 6206622
+2 9411387
+2 18822774
+2 17298938
+3 8649469
+1 8649469
+2 25948407
+1 8649469
+16 51896814
-20 761918
+1 761918
+2 2285754
+1 761918
+16 4571508
-42 9309933
cfn=(888)
calls=3103311 1608 
* 91733090
+1 9309933
+34 15067
+1 45201
+1 15067
+5 90402

fn=(752)
4495 25562049415
+4 10955164035
+6 14606885380
+1 7303442690
+4 18258606725
+8 14606885380
-1 7303437308
+1 7303437308
+29 3643224342
-20 3643224342
-6 3643224342
+6 7286448684
+20 14572897368
1792 3420329143
4561 6840658286
+11 13643610756
+2 10232708067
1992 3410902689
4593 3410902689
1992 6821805378
4595 3410902689
+1 3410902689
+4 6821805378
+2 3410902689
-2 3410902689
+2 3410902689
+4 21099652
+2 31649478
+1 10549826
+19 13613117166
+1 1529672
+29 21900456924
-21 18852908
+3 18852908
+3 17048212
+15 1645191
-12 1645191
+12 6580764
-12 1645191
cfn=(912)
calls=1645191 +19 
* 621398856
-49 3400352863
+22 3400352863
-22 6800705726
+22 10201058589
+2 13601411452
+1 6800705726
-6 6800705726
3163 231392202
+4 231392202
-4 231392202
+2 925568808
+1 231392202
+1 231392202
4550 231392202
+94 31125052
+2 15562526
cfn=(912)
calls=7781263 +19 
* 16335727452
+3 31125052

fl=(95) /usr/src/debug/glibc/glibc/string/../sysdeps/x86_64/multiarch/strcat.c
fn=(322) strcat
29 2
fi=(87)
+9 4
+1 2
-1 4
+1 4
+3 4
+4 6
+3 6
fe=(95)
-20 2

fl=(101) /usr/src/debug/glibc/glibc/debug/../sysdeps/x86_64/multiarch/mempcpy_chk.c
fn=(342) __mempcpy_chk
29 1
fi=(89) /usr/src/debug/glibc/glibc/debug/../sysdeps/x86_64/multiarch/ifunc-memmove.h
+28 3
-1 2
+4 3
+14 2
+3 2
+8 2
+8 2
+3 5
fe=(101)

fl=(263) /usr/src/debug/glibc/glibc/nptl/pthread_mutex_lock.c
fn=(1118) pthread_mutex_lock@@GLIBC_2.2.5
77 2196406
+3 6589218
+2 2196406
+2 4392812
-7 8785624
+11 4392812
+2 6589188
-46 2196396
+1 8785584
+3 8785584
+46 6589188
+85 2196406
+3 2196406
+2 2196406
+3 2196406
-63 2196406
+66 6589218
-93 20
+11 40
+4 10
+3 20
-67 2920
cfi=(287)
cfn=(1300)
calls=1460 -7 
* 385508
* 2920
-4 10
+1 40
+85 30
+1 20
-83 40

fl=(320)
fn=(1482)
148 28
+1 7
-1 7
+1 21
+16 28

fl=(308) /usr/src/debug/glibc/glibc/elf/libc-dl_find_object.c
fn=(1428) _dl_find_object
24 30
+1 60
cob=(1)
cfi=(140) /usr/src/debug/glibc/glibc/elf/dl-find_object.c
cfn=(1430) _dl_find_object
calls=30 360 
* 2394

fl=(323) /usr/src/debug/glibc/glibc/sunrpc/rpc_thread.c
fn=(1488) __rpc_thread_destroy
21 24
+1 6
-1 6
+1 6
+2 12
+15 24

fl=(88) /usr/src/debug/glibc/glibc/debug/../sysdeps/x86_64/multiarch/memmove_chk.c
fn=(306) __memmove_chk
29 3
fi=(89)
+28 9
-1 6
+4 9
+14 6
+3 6
+8 6
+8 6
+3 15
fe=(88)

fl=(221)
fn=(922)
47 1175
+3 2350
-3 7050
+6 2350
+5 7050
+2 4700
-7 5865

fl=(322)
fn=(1486)
31 18
+2 6
cfi=(323)
cfn=(1488)
calls=6 -12 
* 78
+2 6
cfi=(324)
cfn=(1490)
calls=6 +96 
* 216
+1 6
cfi=(326)
cfn=(1494)
calls=6 -12 
* 120
+1 6
cfi=(327) /usr/src/debug/glibc/glibc/dlfcn/libc_dlerror_result.c
cfn=(1496) __libc_dlerror_result_free
calls=6 -8 
* 72
+5 6
-1 6
cfi=(172)
cfn=(1498)
calls=6 893 
* 724398

fl=(84) /usr/src/debug/glibc/glibc/wcsmbs/../sysdeps/x86_64/multiarch/wcpcpy.c
fn=(298) wcpncpy
31 1
fi=(85)
+9 3
-1 4
+2 3
+3 2
+4 4
fi=(347) /usr/src/debug/glibc/glibc/wcsmbs/../sysdeps/x86_64/multiarch/wcpncpy.c
-17 1
fe=(84)

fl=(125) /usr/src/debug/glibc/glibc/string/../sysdeps/x86_64/multiarch/strncase_l.c
fn=(404) strncasecmp_l
31 1
fi=(81)
+6 2
-1 4
fe=(125)
-5 2
fi=(81)
+7 3
+3 2
+4 3
+3 4
fe=(125)

fl=(190)
fn=(672)
30 4
+8 8
+2 8
+28 8
+1 8
-25 8

fl=(215) /usr/src/debug/glibc/glibc/stdlib/../stdlib/strtol.c
fn=(800) strtol
116 80793776
+1 403968880
cfi=(216) /usr/src/debug/glibc/glibc/stdlib/../stdlib/strtol_l.c
cfn=(802) ____strtol_l_internal
calls=80793776 238 
* 8742243384

fl=(238)
fn=(998)
33 5
+2 5
-2 10
+4 15
+1 25
+9 10
+9 5
-9 5
+9 10
+47 5
+4 5
-4 5
+4 5

fl=(165) /usr/src/debug/glibc/glibc/string/../sysdeps/x86_64/multiarch/strlen-avx2.S
fn=(562) __strlen_avx2
52 21820310
+13 21820310
+1 21820310
+1 21820310
+3 21820310
+2 21820310
+1 21820310
+3 21744489
+1 21744489
+8 21744489
+1 21744489
+1 21744489
+5 43488978
511 75821
+1 75821
+1 75821
+3 75821
+15 75821
+1 75821
+1 75821
+7 151642

fl=(247)
fn=(1018)
46 130
+3 20
234 90
62 10
+1 10
-16 10
+18 20
+7 70
+1 10
-1 20
+1 20
-1 20
+4 30
+3 10
+2 10

fl=(255)
fn=(1100)
43 8
+5 2
fi=(256) /usr/src/debug/glibc/glibc/signal/../string/bits/string_fortified.h
-19 1
fe=(255)
+21 1
+8 1
fi=(256)
-29 2
fe=(255)
+21 1
+3 1
fi=(256)
-24 2
fe=(255)
+24 1
+5 1
fi=(256)
-29 2
fe=(255)
+29 1
-5 2
fi=(256)
-24 2
fe=(255)
+24 1
fi=(256)
-24 6
fe=(255)
+29 1
fi=(256)
-29 1
fe=(255)
+29 6
+5 2
+8 6

fl=(138) /usr/src/debug/glibc/glibc/time/../sysdeps/unix/sysv/linux/gettimeofday.c
fn=(448) gettimeofday
42 1
fi=(348) /usr/src/debug/glibc/glibc/time/../sysdeps/unix/sysv/linux/dl-vdso.h
-2 2
+1 2
fe=(138)
+1 2

fl=(139) /usr/src/debug/glibc/glibc/string/../sysdeps/x86_64/multiarch/strstr.c
fn=(450) strstr
44 7

fl=(207)
fn=(762)
43 809812160
+3 161962432
+3 161962432
+7 242803068
cob=(3)
cfi=(154)
cfn=(764) 0x00000000049f41f0
calls=80934356 -56 
* 3039808447
* 80934356
+1 161868712
+7 242803068
cob=(3)
cfi=(154)
cfn=(768) 0x00000000049f42c0
calls=80934356 -64 
* 2890544101
* 80934356
+1 161868712
+7 80887496
+1 80887496
-14 80887496
+16 566212472
-16 46860
+16 328020
-23 46860
+7 46860
+16 328020
-28 161868712

fl=(293) /usr/src/debug/glibc/glibc/nptl/pthread_exit.c
fn=(1360) pthread_exit
26 36
+2 6
cfi=(294)
cfn=(1362)
calls=6 +14 
* 120080
+1 12
+5 6
fi=(349) /usr/src/debug/glibc/glibc/nptl/../sysdeps/nptl/pthreadP.h
269 12
+3 6
-1 6
cfi=(302) /usr/src/debug/glibc/glibc/nptl/unwind.c
cfn=(1412) __pthread_unwind
calls=6 121 
* 45354
fe=(293)

fl=(102) /usr/src/debug/glibc/glibc/wcsmbs/../sysdeps/x86_64/multiarch/wcslen.c
fn=(346) wcslen
29 1
fi=(103) /usr/src/debug/glibc/glibc/wcsmbs/../sysdeps/x86_64/multiarch/ifunc-wcslen.h
+12 2
-1 4
+2 3
+3 2
+4 3
+3 3
fe=(102)
-23 1

fl=(319)
fn=(1480)
38 6
+2 6
+1 6
+1 6
+2 12
+1 12
+1 12
+79 6
+11 6
+1 6
+1 6
+1 6
+1 6
+2 6
+1 6
+1 6
+1 6
+2 6

fl=(114) /usr/src/debug/glibc/glibc/string/../sysdeps/x86_64/multiarch/strchr.c
fn=(376) index
65 3
-22 6
+1 3
-2 12
+2 6
+3 6
+4 9
+3 9
+11 3

fl=(182)
fn=(648)
29 6
+15 4
cfi=(183)
cfn=(650)
calls=1 -16 
* 38
* 1
+2 2
+5 2
+1 2
+3 2
+3 6
cob=(7)
cfi=(186)
cfn=(656) main
calls=1 385 
* 92232966210
+16 2
cfi=(329) /usr/src/debug/glibc/glibc/stdlib/exit.c
cfn=(1514) exit
calls=1 +63 
* 2500

fl=(208) /usr/src/debug/glibc/glibc/string/../sysdeps/x86_64/multiarch/strspn-sse4.c
fn=(766) __strspn_sse42
63 80934356
+1 161868712
+8 242803068
+41 75834773
+2 75834773
-2 75834773
fi=(344)
706 75834773
fi=(345)
138 227504319
fi=(210)
634 151669546
fe=(208)
119 303339092
-44 80934356
fi=(344)
1341 80934356
fe=(208)
75 80934356
fi=(344)
1341 161868712
+98 80934356
fe=(208)
80 80934356
+1 161868712
+2 80934356
fi=(344)
706 80934356
fe=(208)
85 80934356
fi=(344)
706 80934356
fi=(345)
138 80934356
fe=(208)
-53 161868712
+21 5099583
fi=(210)
687 5099583
fe=(208)
135 5099583
+1 20398332
+3 75834773

fl=(272) /usr/src/debug/glibc/glibc/nptl/pthread_join.c
fn=(1148) pthread_join@@GLIBC_2.34
23 6
+1 24
cfi=(273) /usr/src/debug/glibc/glibc/nptl/pthread_join_common.c
cfn=(1150) __pthread_clockjoin_ex
calls=6 +15 
* 2037

fl=(130) /usr/src/debug/glibc/glibc/string/../sysdeps/x86_64/multiarch/strcasecmp_l.c
fn=(420) strcasecmp_l
31 1
fi=(81)
+6 2
-1 4
fe=(130)
-5 2
fi=(81)
+7 3
+3 2
+4 3
+3 4
fe=(130)

fl=(100) /usr/src/debug/glibc/glibc/debug/../sysdeps/x86_64/multiarch/memcpy_chk.c
fn=(338) __memcpy_chk
29 3
fi=(89)
+28 9
-1 6
+4 9
+14 6
+3 6
+8 6
+8 6
+3 15
fe=(100)

fl=(156) /usr/src/debug/glibc/glibc/csu/init-first.c
fn=(522) _init_first
46 6
+5 2
+4 5
+8 1
-2 1
+10 1
-9 1
+1 1
+9 3
-1 1
cfi=(157) /usr/src/debug/glibc/glibc/misc/init-misc.c
cfn=(524) __init_misc
calls=1 -41 
* 50

fl=(216)
fn=(802)
238 403968880
+54 80793776
-54 80793776
+19 80793776
-19 565556432
+26 161587552
+31 323175104
+9 484762656
+2 161587552
+5 161587552
+5 80793776
-6 80793776
+7 242381328
+3 242381328
+15 161587552
+10 323175104
-87 161587552
451 403968880
+26 80793776
+1 80793776
-84 80793776
-1 80793776
+96 161587552
-5 235953508
+5 117976754
+1 353930262
-41 235953508
+2 310319464
+2 353930262
+28 353930262
+3 235953508
+11 161587552
+5 242381328
+6 161587552
+3 323175104
-2 161587552
+39 646350208
342 161587552

fl=(164)
fn=(558)
24 27
+1 24
+3 3
cob=(3)
cfi=(154)
cfn=(560)
calls=3 -28 
* 48
+1 3
-1 3
+1 1206
+2 600
+1 56
cob=(3)
cfi=(154)
cfn=(564) 0x00000000049f42e0
calls=14 -32 
* 405
* 28
+5 27

fl=(222)
fn=(924)
33 8267
+2 5905
+14 10632
-9 4
cob=(1)
cfi=(11)
cfn=(28)
calls=1 438 
* 24
* 3
+7 1
+1 1

fl=(265)
fn=(1510) __nptl_free_stacks
58 20
+7 12
+5 6
-41 2
fi=(350) /usr/src/debug/glibc/glibc/nptl/../include/list.h
+26 6
+1 2
fe=(265)
+20 2
+3 2
-3 2
-7 2
-32 2
+39 2
+3 2
cob=(1)
cfi=(45)
cfn=(1512) _dl_deallocate_tls
calls=2 671 
* 771
+4 6
cfi=(262)
cfn=(1188)
calls=2 +34 
* 12
* 4
+4 4
+4 16

fn=(1124)
43 6
+1 24
fi=(350)
-1 30
+2 6
+2 6
fe=(265)
+5 6
+1 6

fn=(1508)
112 12
+1 12
-1 24
+1 18
+4 6
-88 6
fi=(350)
+26 18
+1 6
fe=(265)
+67 6
-86 6
+86 6
-79 18
fi=(350)
-1 6
+1 12
-1 6
+2 6
+2 6
fe=(265)
+58 6
-1 6
-52 6
+52 12
+1 12
+24 24
+1 24
-23 2
cfn=(1510)
calls=2 -49 
* 875
* 2

fl=(332)
fn=(1528)
45 10
+3 10
-3 40
+3 15
+3 20
+4 35
-4 15
+57 20
+4 30
-4 15
+11 10
+1 10
cfi=(333) /usr/src/debug/glibc/glibc/posix/register-atfork.c
cfn=(1530) __unregister_atfork
calls=5 -38 
* 100
+1 20
+1 40

fl=(226)
fn=(950)
25 2
+1 8
+1 2

fl=(106) /usr/src/debug/glibc/glibc/wcsmbs/../sysdeps/x86_64/multiarch/wcsnlen.c
fn=(354) wcsnlen
30 1
fi=(103)
+11 2
-1 4
+2 3
+3 2
+4 3
+3 3
fe=(106)
-22 1

fl=(152)
fn=(490)
92 2
+4 1
-4 3
+4 6
cob=(1)
cfi=(11)
cfn=(28)
calls=1 438 
* 24
+2 4
cob=(1)
cfi=(11)
cfn=(28)
calls=1 438 
* 24
+2 4
cob=(1)
cfi=(11)
cfn=(28)
calls=1 438 
* 24
+2 4
cob=(1)
cfi=(11)
cfn=(28)
calls=1 438 
* 24
+2 4
cob=(1)
cfi=(11)
cfn=(28)
calls=1 438 
* 24
+3 3
+1 1
+1 6

fl=(269) /usr/src/debug/glibc/glibc/misc/../sysdeps/unix/sysv/linux/x86_64/clone.S
fn=(1138) clone
52 6
+2 6
+1 6
+1 6
+3 6
+1 6
+3 6
+2 6
+4 6
+3 6
+1 6
+1 6
+1 6
+1 6
+5 6
+2 12
+1 12
+1 12
+2 6
+8 6
+3 6
+1 6
+1 6
cfi=(254)
cfn=(1162)
calls=6 338 
* 2240746050762

fl=(225)
fn=(942)
54 2195931
+1 2195931
+2 4391862
+2 2195931
+1 6587793
+11 2195931

fn=(940)
24 2195931
+1 2195931
+2 4391862
+2 4391862
+3 4391862
+14 6587793
+2 2195931
+1 2195931

fl=(260)
fn=(1110)
27 12
+1 48
+2 12

fl=(245)
fn=(1012)
27 5
+1 45
+7 5

fl=(271)
fn=(1142)
26 6
+10 18
+8 12

fl=(157)
fn=(524)
30 1
+1 2
-1 4
+1 4
+2 3
cob=(3)
cfi=(154)
cfn=(526) 0x00000000049f4320
calls=1 -33 
* 24
+4 5
+1 3
+2 4

fl=(184)
fn=(652)
31 7
+2 7
+9 7
+1 14
+1 7
+4 7
+1 7
+1 7
+1 7
+1 7
+2 14
+2 7
+1 7
+1 7
+2 14
+2 7
+5 7
+1 7
+17 7
cfi=(185)
cfn=(654)
calls=7 -57 
* 91

fl=(276)
fn=(1158)
31 29138
+1 29138
+1 58276
+4 58276
+2 58276
+3 116552
fi=(277) /usr/src/debug/glibc/glibc/nptl/../nptl/descr.h
439 58276
fe=(276)
45 58276
+11 58276

fn=(1302)
63 29138
+3 87414
+5 87414
+3 29138
+2 29138
-2 29138
+2 58276
+7 87414

fl=(174)
fn=(596)
25 2088
+1 4176
-1 4176
+4 2088
cfi=(175)
cfn=(598)
calls=2088 +8 
* 71074
+1 4176
+4 1874
-7 1151
+7 2302

fl=(244)
fn=(1010)
28 3
+1 3
+1 3
+1 3
+13 3
+1 3
+16 3
+1 3
+1 3
+1 3
+1 3
+1 3
+1 3
+5 3
+1 3
+1 3
+1 3
+1 3

fl=(251)
fn=(1032)
25 2195937
+1 6587811
+5 4391874
+2 24155307
+7 2195937

fl=(110) /usr/src/debug/glibc/glibc/string/../sysdeps/x86_64/multiarch/strcmp.c
fn=(364) strcmp
79 2
-31 4
+1 2
-2 8
+2 4
+3 4
+4 6
+3 6
+20 2

fl=(123) /usr/src/debug/glibc/glibc/string/../sysdeps/x86_64/multiarch/strcspn.c
fn=(400) strcspn
29 2
fi=(340)
+7 10
fe=(123)
-7 2

fl=(227) /usr/src/debug/glibc/glibc/resource/../sysdeps/unix/sysv/linux/getrusage.c
fn=(964) getrusage
27 4
+2 16
+9 4

fl=(273)
fn=(1150)
39 72
+4 24
+5 30
+4 6
+3 6
+2 12
+1 12
+16 30
+10 12
+34 6
+3 12
+4 12
cfi=(328)
cfn=(1506)
calls=6 25 
* 1233
* 6
+5 6
+3 66
-44 36
cfi=(274)
cfn=(1152)
calls=6 -64 
* 42
* 6
+13 15
cfi=(275) /usr/src/debug/glibc/glibc/nptl/futex-internal.c
cfn=(1154) __futex_abstimed_wait_cancelable64
calls=3 +36 
* 264
+2 12
-10 27
-41 6
+58 24
cfi=(274)
cfn=(1456)
calls=6 -71 
* 36
+4 6
-1 6
+1 12

fl=(117) /usr/src/debug/glibc/glibc/string/../sysdeps/x86_64/multiarch/stpncpy.c
fn=(386) stpncpy
31 1
fi=(118) /usr/src/debug/glibc/glibc/string/../sysdeps/x86_64/multiarch/ifunc-strncpy.h
+4 5
+1 3
+3 2
+4 3
+3 4
fe=(117)
-15 1

fl=(213) /usr/src/debug/glibc/glibc/string/../sysdeps/x86_64/multiarch/strcpy-avx2.S
fn=(790) __strcpy_avx2
64 46860
+1 46860
+7 46860
+1 46860
+1 46860
+1 46860
+3 46860
+2 46860
+1 46860
+1 46860
+2 46860
+1 46860
+4 46860
+2 46860
+1 46860
+9 46860
+1 46860
+2 46860
+1 46860
+6 46860
+1 46860
+14 46860
+1 46860
+1 46860
+1 46860

fl=(124) /usr/src/debug/glibc/glibc/wcsmbs/../sysdeps/x86_64/multiarch/wcscpy.c
fn=(402) wcscpy
60 1
-17 2
-1 4
+2 3
+2 2
+4 3
+10 1

fl=(191) /usr/src/debug/glibc/glibc/posix/getopt1.c
fn=(678) getopt_long
30 2
+1 1
-1 1
+1 3
cfi=(192) /usr/src/debug/glibc/glibc/posix/getopt.c
cfn=(680) _getopt_internal
calls=1 706 
* 973
+2 2

fl=(119) /usr/src/debug/glibc/glibc/wcsmbs/../sysdeps/x86_64/multiarch/wmemchr.c
fn=(390) wmemchr
31 2
fi=(120) /usr/src/debug/glibc/glibc/wcsmbs/../sysdeps/x86_64/multiarch/ifunc-evex.h
+7 6
-1 8
+2 6
+6 4
-3 4
+9 6
+3 8
fe=(119)
-23 2

fl=(136) /usr/src/debug/glibc/glibc/string/../sysdeps/x86_64/multiarch/strspn.c
fn=(440) strspn
29 2
fi=(340)
+7 10
fe=(136)
-7 2

fl=(200)
fn=(720)
41 468610
+6 46861
-6 140583
+6 374888
+7 187444
+8 281163
+12 140583
+1 93722
-34 93720
+60 95509
+6 95509
-7 191018
+1 95509
+6 95509
-6 191018
+4 30
+2 6
cfi=(171)
cfn=(612)
calls=6 3407 
* 38239
+1 12
-1 6
+1 6
+6 12
+1 12
+2 18
fi=(351) /usr/src/debug/glibc/glibc/libio/../string/bits/string_fortified.h
-88 18
cfi=(205)
cfn=(750)
calls=6 255 
* 1696
fe=(200)
+88 191006
fi=(351)
-88 286509
cfi=(205)
cfn=(750)
calls=95503 255 
* 21604398
fe=(200)
+91 95509
-2 95509
+2 288316
cfi=(195)
cfn=(722) __underflow
calls=48649 296 
* 6470317
* 97298
+2 97298
-3 48649
+3 48649
-33 194596
cob=(3)
cfi=(154)
cfn=(742) 0x00000000049f4200
calls=48649 -89 
* 14794529
* 187440
cob=(3)
cfi=(154)
cfn=(742)
calls=46860 -89 
* 10003278
* 95509
+2 382036
+1 382036
fi=(197)
979 93722
+1 421749
fe=(200)
130 421749
-66 1
+1 1
-1 1
+1 1
cfi=(171)
cfn=(580)
calls=1 3294 
* 193
* 2
+1 2
-19 187444
+1 93722
+76 140580
fi=(197)
979 93720
fe=(200)
77 24
cfi=(195)
cfn=(722)
calls=12 296 
* 1894
* 24
+5 44
fi=(197)
979 1
fe=(200)
50 2

fl=(302)
fn=(1412)
121 24
+6 6
+1 12
+2 24
cfi=(303)
cfn=(1414)
calls=6 -80 
* 45288

fn=(1464) unwind_stop
43 264
+2 24
+1 24
+6 48
+7 48
+5 12
+38 18
cfi=(316)
cfn=(1474)
calls=6 -70 
* 420
* 24
-42 48
cfi=(303)
cfn=(1466)
calls=24 -3 
* 984
fi=(315) /usr/src/debug/glibc/glibc/nptl/../sysdeps/x86_64/jmpbuf-unwind.h
-21 24
fe=(302)
+21 24
fi=(315)
-21 48
fe=(302)
+21 72
+4 36
+42 162

fl=(327)
fn=(1496)
29 30
+1 24
+9 18

fl=(203) /usr/src/debug/glibc/glibc/io/../sysdeps/unix/sysv/linux/read.c
fn=(740) read
25 48661
+1 291966
+1 48661

fl=(318)
fn=(1478)
25 42
+1 6
+6 12
+1 6
+2 6
+1 30
+23 6
+1 36
-35 12

fl=(96) /usr/src/debug/glibc/glibc/debug/../sysdeps/x86_64/multiarch/memset_chk.c
fn=(326) __memset_chk
29 3
fi=(97) /usr/src/debug/glibc/glibc/debug/../sysdeps/x86_64/multiarch/ifunc-memset.h
+25 15
+3 9
+7 6
+9 6
+2 6
+10 6
+8 6
+3 15
fe=(96)

fl=(127) /usr/src/debug/glibc/glibc/string/../sysdeps/x86_64/multiarch/memcmp.c
fn=(412) bcmp
29 3
fi=(128) /usr/src/debug/glibc/glibc/string/../sysdeps/x86_64/multiarch/ifunc-memcmp.h
+5 15
+1 6
+1 6
+1 9
+3 6
+4 9
+3 12
fe=(127)
-18 6

fl=(258)
fn=(1106)
25 54
+4 12
-4 18
+4 30
+9 6
-9 6
+3 6
+6 12
+23 12
+1 6
-1 36
+2 66

fl=(292)
fn=(1352)
25 1
+1 4
+1 1

fl=(294)
fn=(1362)
42 324
+3 108
+1 36
+69 324
-64 3
cfi=(295)
cfn=(1364)
calls=1 152 
* 115736
* 1
+1 2
+8 3
cfi=(295)
cfn=(1408)
calls=1 181 
* 702
+2 2
-2 1
+2 1
cfi=(295)
cfn=(1408)
calls=1 181 
* 722
+2 2
-2 1
+2 1
cfi=(295)
cfn=(1408)
calls=1 181 
* 628
+3 2
-3 1
+3 1
cfi=(295)
cfn=(1408)
calls=1 181 
* 686
+3 2
-3 1
+3 1
cfi=(295)
cfn=(1408)
calls=1 181 
* 669
+6 2
-6 1
+6 1
cfi=(295)
cfn=(1408)
calls=1 181 
* 730
+4 3
-4 1
+4 1
+1 2
+1 2
+2 2
+2 2
+1 2
+14 2
-12 2
+1 2
+1 2
+2 2
+2 2
+4 2
+2 2
+1 3
+11 4
-6 6
+3 2

fl=(115) /usr/src/debug/glibc/glibc/string/../sysdeps/x86_64/multiarch/strrchr.c
fn=(378) rindex
28 2
fi=(108)
+12 6
-2 8
fe=(115)
-10 4
fi=(108)
+13 4
+1 6
+3 4
+4 6
+3 10
fe=(115)

fl=(240)
fn=(1002)
31 2
+4 4
+2 2
+1 2
+1 4
+8 10

fl=(285) /usr/src/debug/glibc/glibc/stdio-common/Xprintf_buffer_flush.c
fn=(1292) __printf_buffer_flush
61 56674
fi=(235)
+54 56674
fe=(285)
-53 113348
-1 226696
fi=(286) /usr/src/debug/glibc/glibc/stdio-common/printf_buffer_flush.c
-20 396718
fe=(285)
+25 113348
+4 170022
+2 56674
-1 56674
+1 113348
fi=(286)
-19 56674
cfi=(230)
cfn=(1030)
calls=56674 -4 
* 8800796
fi=(235)
+62 56674
fi=(286)
-61 56674
fe=(285)

fl=(242)
fn=(1006)
48 17
+6 2
+12 2
+76 11
-71 1
+1 2
+69 1
-60 3
cfi=(243)
cfn=(1008)
calls=1 -50 
* 33
* 3
+2 1
+1 1
+4 2

fl=(268) /usr/src/debug/glibc/glibc/misc/../sysdeps/unix/sysv/linux/x86_64/clone3.S
fn=(1136) __clone3
42 1
+2 1
+1 1
+1 1
+1 1
+1 1
+4 1
+3 1
+5 1
+2 1
+1 1
+23 5

fl=(329)
fn=(1514)
137 2
+1 3
-1 1
+1 1
cfn=(1516) __run_exit_handlers
calls=1 38 
* 2493

fn=(1516)
38 12
+2 2
+3 6
+11 1
+2 2
+8 3
+2 1
+1 1
-1 1
+3 7
+44 3
-49 3
+55 2
+1 2
+6 1
-66 1
+66 3
+2 2
+3 2
cfi=(336)
cfn=(1626)
calls=1 27 
* 4
-29 1
+1 1
-2 1
+3 1
+3 1
-3 2
+3 3
+1 3
cob=(1)
cfi=(330) /usr/src/debug/glibc/glibc/elf/dl-fini.c
cfn=(1518) _dl_fini
calls=1 -82 
* 1768
+1 4
-68 1
cfi=(320)
cfn=(1482)
calls=1 148 
* 13
* 1
+88 1
cfi=(195)
cfn=(1614) _IO_cleanup
calls=1 869 
* 632
* 1

fl=(278)
fn=(1166)
26 72
+4 6
+1 12
-1 30
+1 6
cfi=(279)
cfn=(1168)
calls=6 +62 
* 3138
+4 30

fl=(80) /usr/src/debug/glibc/glibc/string/../sysdeps/x86_64/multiarch/strncase.c
fn=(290) strncasecmp
31 2
fi=(81)
+6 4
-1 8
fe=(80)
-5 4
fi=(81)
+7 6
+3 4
+4 6
+3 8
fe=(80)

fl=(193) /usr/src/debug/glibc/glibc/libio/iofwrite.c
fn=(688) fwrite
31 6
+1 1
-1 1
+1 1
-1 2
+4 6
+2 9
+1 4
+1 1
fi=(197)
1025 3
+1 2
fe=(193)
39 4
cfi=(194)
cfn=(690)
calls=1 1198 
* 253
+6 2
fi=(197)
979 2
fe=(193)
45 2
+1 1
+3 9
fi=(197)
980 9
fe=(193)
37 3

fl=(274)
fn=(1152)
25 7
+3 7
+1 7
+1 14
+2 7
+1 7

fn=(1456)
40 7
+3 14
+4 14
+2 7

fl=(275)
fn=(1156) __futex_abstimed_wait_common
71 21
+6 6
+3 6
+3 9
+1 6
-28 6
+47 24
+10 3
+8 15
-64 18
cfi=(276)
cfn=(1158)
calls=3 -26 
* 54
* 36
cfi=(276)
cfn=(1302)
calls=3 +6 
* 45
* 6

fn=(1154)
138 3
+1 6
cfn=(1156)
calls=3 -68 
* 255

fl=(231) /usr/src/debug/glibc/glibc/string/../sysdeps/x86_64/multiarch/strchr-avx2.S
fn=(982) __strchrnul_avx2
53 26351088
+2 26351088
+1 26351088
+1 26351088
+1 26351088
+1 26351088
+3 26351088
+1 26351088
+4 26351088
+1 26351088
+1 26351088
+1 26351088
+1 26351088
+1 26351088
+1 26351088
+1 26351086
+13 26351086
+2 52702172
+25 2
+1 2
+6 2
+1 4
+35 2
+4 2
+1 2
+1 2
+1 2
+1 2
+1 2
+1 2
+2 2
+1 2
+1 2
+1 2
+1 2
+1 2
+1 2

fl=(195)
fn=(722)
296 243305
+1 48661
-1 48661
+1 97323
+5 97322
+3 145983
+2 97322
+6 97322
+7 48661
fi=(197)
1025 145983
+1 97322
fe=(195)
320 97322
+1 145983
-1 48661
cfi=(194)
cfn=(724) _IO_file_underflow@@GLIBC_2.2.5
calls=48661 462 
* 4769077
-23 97320
+21 145983

fn=(938) __GI__IO_un_link.part.0
65 1
+6 1
-6 3
+6 1
-6 5
+6 4
cfi=(225)
cfn=(940)
calls=1 -47 
* 13
+1 6
+2 1
-1 1
+1 10
+6 1
+1 1
+1 1
+1 2
+12 4
+2 10
+2 1
-2 1
+1 1
+1 5
+1 2
cfi=(225)
cfn=(942)
calls=1 -46 
* 9
+3 9
-31 3
+4 1
-2 2
+2 1

fn=(1622) _IO_default_setbuf
479 8
fi=(197)
1025 1
fe=(195)
479 1
+1 1
-1 1
fi=(197)
1025 2
+1 2
fe=(195)
480 2
cfi=(194)
cfn=(1624) _IO_file_sync@@GLIBC_2.2.5
calls=1 793 
* 21
* 2
+4 1
357 1
489 1
-7 2
359 1
493 1
364 1
-4 1
+4 1
494 1
-1 3
+2 6
-11 1
+1 2
-1 1
357 4

fn=(732)
356 33
+1 14
+5 6
-3 3
+3 6
-2 3
+2 6
+3 18
-7 1
cfi=(171)
cfn=(862)
calls=1 3359 
* 160
+4 2

fn=(1616) _IO_flush_all
713 5
+5 1
-5 1
+5 1
-5 6
+5 4
cfi=(225)
cfn=(940)
calls=1 24 
* 13
+1 11
+3 3
-8 1
fi=(197)
1025 2
fe=(195)
732 1
fi=(197)
1025 2
+1 2
fe=(195)
732 3
cfi=(194)
cfn=(692) _IO_file_overflow@@GLIBC_2.2.5
calls=1 * 
* 196
+1 3
+2 12
+1 2
-14 6
+2 2
+1 30
+2 13
+8 12
+5 2
+1 2
cfi=(225)
cfn=(942)
calls=1 54 
* 9
+4 12
-5 7

fn=(694) _IO_doallocbuf
370 3
+1 6
-1 21
+3 12
+1 2
fi=(197)
1025 6
+1 4
fe=(195)
374 4
cfi=(201)
cfn=(726)
calls=2 78 
* 8424
* 4
-10 1
-5 1
+1 1
+4 1
+13 18
-1 2
-19 1

fn=(1126)
545 1
+3 3
1071 1
550 1
+1 4
+1 1
1085 1
551 2
+1 1
1085 1
551 2
+2 1

fn=(736) _IO_switch_to_get_mode
191 291966
+1 145983
+3 145983
+4 97322
+1 97322
+7 48661
-4 48661
+4 48661
-2 97322
+3 48661
+1 194644

fn=(1298)
226 143110
+2 85866
+2 28622
fi=(197)
1025 85866
+1 57244
fe=(195)
230 28622
+1 57244
-1 28622
cfi=(194)
cfn=(692)
calls=28622 732 
* 6153730

fn=(956) _IO_default_finish
628 6
+2 3
+6 3
+3 3
67 2
651 3

fn=(1614)
869 6
-66 1
+66 6
+1 1
cfn=(1616)
calls=1 713 
* 364
-67 2
+67 1
-67 3
cfi=(225)
cfn=(940)
calls=1 24 
* 13
+1 11
+3 3
fi=(197)
1025 2
fe=(195)
844 2
-37 6
+5 2
-1 2
+1 28
+7 2
-7 2
+7 4
+2 3
+2 4
+4 1
-2 1
+3 1
-3 1
+2 2
+5 1
fi=(197)
1025 2
+1 2
fe=(195)
832 4
cfi=(194)
cfn=(1620) _IO_file_setbuf@@GLIBC_2.2.5
calls=1 382 
* 87
+2 3
+9 1
-2 1
+2 2
-2 1
+2 22
+5 2
+1 2
cfi=(225)
cfn=(942)
calls=1 54 
* 9
+33 12
-34 7

fn=(1286) _IO_default_xsputn
398 5566
+3 2024
fi=(197)
1025 506
fe=(195)
400 1012
+24 506
+2 1012
-20 2024
+2 506
+1 1012
+2 1012
+2 1012
+1 506
-1 506
cfi=(205)
cfn=(1288)
calls=506 242 
* 7084
* 506
+1 506
-12 506
+29 4048

fn=(936) _IO_un_link
66 2
+1 4
+36 2
cfn=(938)
calls=1 -38 
* 100

fn=(946) _IO_unsave_markers
964 6
+2 2
+5 3
+2 3

fl=(202) /usr/src/debug/glibc/glibc/io/../sysdeps/unix/sysv/linux/fstat64.c
fn=(730) fstat
30 2
+9 8
+33 2

fl=(239)
fn=(1000)
28 5
+1 5
+1 5
+2 5
+1 5
+1 5
+12 5
+1 5
+1 5
+1 5
+1 5
+1 5
+1 5
+6 5
+1 5
+1 5

fl=(267)
fn=(1134) __clone3_internal
74 6
+6 18
-6 2
+8 2
-8 1
+8 1
cfi=(268)
cfn=(1136)
calls=1 -40 
* 16
+1 5
+1 1
+8 7
-2 5
-6 5
+8 5
-6 1
+4 1
+1 1

fn=(1132)
97 72
+2 12
+1 6
cfn=(1134)
calls=6 -26 
* 77
+1 24
+5 6
-42 6
-11 6
+11 6
-2 6
-9 6
+11 12
-2 6
+2 24
cfi=(269)
cfn=(1138)
calls=6 -12 
* 114
+45 12
+1 48

fl=(104) /usr/src/debug/glibc/glibc/string/../sysdeps/x86_64/multiarch/memset.c
fn=(350) memset
29 4
fi=(105) /usr/src/debug/glibc/glibc/string/../sysdeps/x86_64/multiarch/ifunc-memset.h
+25 20
+3 12
+7 8
+9 8
+2 8
+10 8
+8 8
+3 20
fe=(104)

fl=(129) /usr/src/debug/glibc/glibc/string/../sysdeps/x86_64/multiarch/strcpy.c
fn=(416) strcpy
29 3
fi=(87)
+9 6
+1 3
-1 6
+1 6
+3 6
+4 9
+3 9
fe=(129)
-20 3

fl=(132) /usr/src/debug/glibc/glibc/string/../sysdeps/x86_64/multiarch/strncpy.c
fn=(428) strncpy
29 3
fi=(118)
+6 15
+1 9
+3 6
+4 9
+3 12
fe=(132)
-17 3

fl=(159) /usr/src/debug/glibc/glibc/libio/vtables.c
fn=(530) check_stdfiles_vtables
545 1
+1 4
+1 3
+1 3
+2 1

fl=(160) /usr/src/debug/glibc/glibc/libio/stdfiles.c
fn=(532) _IO_stdfiles_init
64 1
+3 3
-1 2
+3 1
-1 1
-1 3
+2 2
-1 2
-1 6
+3 1

fl=(192)
fn=(680)
706 5
+3 1
+1 1
-1 2
+3 1
-3 1
+3 3
-3 1
+3 1
cfn=(682) _getopt_internal_r
calls=1 474 
* 946
+4 1
+1 1
-1 1
+1 1
+4 1
-4 1
+1 3
+3 2

fn=(682)
474 12
+1 1
+2 2
+5 1
-2 4
+2 5
-91 1
+1 1
-1 2
+4 3
+5 2
+5 3
+94 3
+2 2
+3 3
+24 2
-40 3
+5 2
700 9
549 4
-71 2
+31 3
+9 2
+2 2
405 4
cfi=(164)
cfn=(558)
calls=1 24 
* 854
+82 1
-77 1
-5 1
+88 1
-10 1
-78 2
-8 1
+90 1
-4 1
+29 2
+6 2

fl=(194)
fn=(700) _IO_file_write@@GLIBC_2.2.5
1174 233112
+2 116556
-1 58278
+6 29139
cfi=(196)
cfn=(702)
calls=29139 25 
* 1660727
+1 58278
+5 29139
+1 29139
-12 58278
+4 87417
+1 58278
+10 87417
+3 174834
-4 87417

fn=(698) new_do_write
432 87417
fi=(197)
1025 29139
fe=(194)
432 233112
+2 58278
+15 29139
fi=(197)
1025 58278
+1 58278
fe=(194)
449 116556
cfn=(700)
calls=29139 1174 
* 2768009
+1 29139
-1 29139
+1 116556
+2 29139
+4 58278
-3 58278
-1 58278
+4 87406
-2 29128
+4 262152
-4 11
+4 99
-17 116556
+14 87406

fn=(696) _IO_do_write@@GLIBC_2.2.5
424 29140
+2 58292
+1 12
-3 145640
+2 29128
cfn=(698)
calls=29128 +6 
* 4398328
* 29128
+1 58256
-1 87384
+1 29128

fn=(948) _IO_file_close
1165 1
+3 2
cfi=(226)
cfn=(950)
calls=1 25 
* 6

fn=(954) _IO_file_finish@@GLIBC_2.2.5
168 5
+1 1
-1 1
+1 1
+6 2
+1 3
-1 1
cfi=(195)
cfn=(956)
calls=1 628 
* 20

fn=(690)
1198 517
+7 517
-1 1034
-6 5687
+13 517
+2 517
-2 1551
+17 1551
+40 4048
-24 517
fi=(197)
1025 1551
+1 1034
fe=(194)
1244 1551
cfn=(692)
calls=517 732 
* 107665
* 1034
+6 1034
+1 2046
+2 506
-2 506
+2 1012
+11 1034
+1 2024
cfi=(195)
cfn=(1286)
calls=506 398 
* 29854
+2 1518
-67 1034
+53 22
+15 11
-17 11
+17 77
-17 11
+4 44
cfn=(698)
calls=11 432 
* 1443
+2 22
-1 22

fn=(724)
462 48661
+4 145983
-4 437949
+7 97322
+6 145983
+3 97322
+12 97320
fi=(197)
1025 48661
fe=(194)
506 97322
cfi=(195)
cfn=(736)
calls=48661 191 
* 1265186
+11 48661
-5 48661
fi=(197)
1025 48661
fe=(194)
512 48661
fi=(197)
1025 48661
fe=(194)
512 48661
+1 48661
+2 48661
-1 97322
fi=(197)
1026 97322
fe=(194)
517 194644
cfn=(738) _IO_file_read
calls=48661 1131 
* 632593
+9 48661
-7 97322
+7 97320
+9 145980
+2 97320
+1 389288
-6 1
-10 7
-55 2
+14 3
+5 2
cfi=(195)
cfn=(694)
calls=1 370 
* 289
+4 4

fn=(738)
1131 48661
+3 48661
-1 48661
+1 97322
cfi=(203)
cfn=(740)
calls=48661 25 
* 389288

fn=(944) _IO_file_close_it@@GLIBC_2.2.5
128 7
+2 3
+4 2
+3 1
-3 1
-1 2
+6 1
+3 1
-3 1
cfi=(195)
cfn=(946)
calls=1 964 
* 14
+3 3
fi=(197)
1025 3
+1 2
fe=(194)
142 2
cfn=(948)
calls=1 1165 
* 9
* 1
+3 3
+8 5
cfi=(195)
cfn=(732)
calls=1 356 
* 194
+1 1
+3 1
-3 3
+3 1
cfi=(195)
cfn=(936)
calls=1 -91 
* 4
+5 1
-4 1
+1 1
+3 1
-2 1
+3 7

fn=(1620)
382 6
+1 1
cfi=(195)
cfn=(1622)
calls=1 +96 
* 69
* 2
+3 1
+4 2
-2 3
+3 3

fn=(1624)
793 7
+5 4
+2 1
+1 2
+11 2
+4 5

fn=(692)
732 233120
+1 87420
+7 174836
+37 29138
-2 58278
+3 57244
+3 85866
+1 85866
+1 57244
+4 28622
+1 171732
-45 4
+12 4
+9 6
+5 6
+2 4
-5 2
+5 2
+1 2
-5 2
+1 2
+4 8
+1 1
+2 2
+2 518
+11 518
-12 518
+12 1036
-11 518
+11 1036
-12 518
cfn=(696)
calls=518 424 
* 84562
+3 85866
+2 57244
-2 114488
cfn=(696)
calls=28622 424 
* 4779874
* 57244
-34 4
cfi=(195)
cfn=(694)
calls=2 370 
* 8222
+1 2
+9 2
-9 10

fn=(728)
1147 2
+1 4
cfi=(202)
cfn=(730)
calls=2 30 
* 12

fl=(232)
fn=(984)
27 48310318
+1 144930954
-1 338172226
+4 188849418
+2 92228782
+3 46148572
fi=(241)
-7 46148572
fe=(232)
+8 92297144
fi=(241)
-8 46148572
fe=(232)
+12 46148572
fi=(241)
-12 46148572
cfi=(205)
cfn=(750)
calls=46148572 255 
* 719583501
fe=(232)
+11 138445716
-9 92297144
+2 138556972
cfi=(285)
cfn=(1292)
calls=55628 +28 
* 10135920
* 111256
+2 222512
+9 289861908

fl=(289)
fn=(1330)
23 1046
+1 3138
-1 6276
+2 1046
cfi=(285)
cfn=(1292)
calls=1046 +36 
* 195074
* 2092
+2 3138
+1 3138
+1 4184

fl=(333)
fn=(1530)
82 10
+1 10
-1 20
+1 10
fi=(334) /usr/src/debug/glibc/glibc/posix/../malloc/dynarray-skeleton.c
243 5
fe=(333)
71 10
+38 20
+1 15

fl=(224) /usr/src/debug/glibc/glibc/libio/iofclose.c
fn=(934) fclose@@GLIBC_2.2.5
34 8
+14 3
+9 1
fi=(197)
1025 3
+1 2
fe=(224)
57 3
cfi=(194)
cfn=(954)
calls=1 168 
* 34
+1 3
+13 2
fi=(197)
951 4
+1 2
fe=(224)
76 7
-27 1
cfi=(195)
cfn=(936)
calls=1 +17 
* 104
+2 8
+1 2
fi=(197)
979 2
+1 9
fe=(224)
51 5
+2 2
cfi=(194)
cfn=(944)
calls=1 +75 
* 277
fi=(197)
979 1
fe=(224)
53 1
fi=(197)
979 2
fe=(224)

ob=(3)
fl=(154)
fn=(980)
0 52702176
cob=(2)
cfi=(231)
cfn=(982)
calls=26351088 53 
0 500670704

fn=(544) 0x000000000489f000
0 7

fn=(1542) 0x000000000010d7f4
0 4

fn=(768)
0 161868712
cob=(2)
cfi=(209)
cfn=(770)
calls=80934356 87 
0 2728675389

fn=(564)
0 28
cob=(2)
cfi=(166)
cfn=(566)
calls=14 206 
0 377

fn=(1392) 0x0000000011167000
0 7

fn=(742)
0 191018
cob=(2)
cfi=(204)
cfn=(744)
calls=95509 61 
0 24606789

fn=(512) 0x0000000004839000
0 7

fn=(534) 0x0000000004bc3000
0 7

fn=(1592) 0x0000000004c344bc
0 4

fn=(632)
0 7

fn=(764)
0 161868712
cob=(2)
cfi=(208)
cfn=(766)
calls=80934356 63 
0 2877939735

fn=(1576) 0x0000000004943f94
0 4

fn=(1612) 0x000000001118a168
0 4

fn=(526)
0 2
cob=(2)
cfi=(158)
cfn=(528)
calls=1 53 
0 22

fn=(560)
0 8783700
cob=(2)
cfi=(165)
cfn=(562)
calls=4391850 52 
0 61521270

fn=(1560) 0x0000000004839274
0 4

ob=(1)
fl=(47)
fn=(148) _dl_audit_activity_map
29 9
+2 1
-2 1
+1 1
+1 2
+6 8

fn=(200) _dl_audit_objopen
77 5
+1 20

fn=(494) _dl_audit_activity_nsid
41 5
+4 20
+2 15
+4 5

fn=(646)
118 1
+1 4

fn=(1544) _dl_audit_objclose
97 7
+1 28

fl=(50) /usr/src/debug/glibc/glibc/setjmp/../sysdeps/x86_64/setjmp.S
fn=(160) __sigsetjmp
31 19
+2 19
+9 19
+1 38
+1 19
+4 19
+1 19
+1 19
+1 19
+1 19
+2 38
+2 19
+1 19
+1 19
+2 38
+2 19
+8 19
+3 19
+1 19
+7 19
+1 19

fl=(140)
fn=(458) _dlfo_process_initial
475 2
+3 2
-3 6
+1 2
+3 4
+26 14
+1 6
+1 12
-1 24
+3 44
+3 40
-7 8
+27 2
-2 2
+2 6
-18 30
+3 10
-1 10
cfi=(141) /usr/src/debug/glibc/glibc/elf/./dl-find_object.h
cfn=(456) _dl_find_object_from_map
calls=5 95 
* 305
+2 20

fn=(460) _dlfo_sort_mappings
537 1
+1 2
+3 4
+4 1
+1 1
-1 1
+1 2
-1 3
+1 3
-1 3
+1 18
+1 50
+3 4
-1 4
-3 30
+8 12
+1 8
-1 4
-13 8
+14 12
+1 8
-15 8
+17 1

fn=(1430)
360 330
+3 90
+9 150
+7 84
fi=(297) /usr/src/debug/glibc/glibc/elf/../include/atomic_wide_counter.h
36 6
fe=(140)
312 18
419 12
+7 24
-4 6
+1 12
321 18
+4 6
+6 12
+1 6
-7 12
+2 12
+1 18
+1 18
+9 12
+12 18
-1 6
fi=(141)
54 12
+2 12
+2 12
+2 12
fi=(297)
-24 6
fe=(140)
440 12
fi=(141)
77 6
-1 6
fe=(140)
375 6
fi=(141)
77 6
+2 12
fe=(140)
465 240
-85 48
+3 18
-62 54
+4 72
+2 108
+1 162
+1 162
+2 72
+1 36
-7 72
+13 90
+12 54
-1 18
fi=(141)
77 18
-1 18
+1 18
+2 18
fe=(140)
375 18
fi=(141)
79 18
fe=(140)
388 18
fi=(141)
77 12
-1 6
fe=(140)
375 6
fi=(141)
77 12
+2 12
fe=(140)
375 6
-40 18
-10 18

fn=(1384) _dl_find_object_update
786 9
+3 4
-1 2
+3 3
-2 1
+2 4
-2 2
+3 2
+3 1
fi=(28) /usr/src/debug/glibc/glibc/elf/../include/rtld-malloc.h
56 1
cob=(2)
cfi=(171)
cfn=(580)
calls=1 3294 
* 42
* 1
fe=(140)
796 2
+3 2
+2 4
+1 1
-2 1
+2 1
-2 3
611 2
fi=(297)
30 1
fe=(140)
657 1
136 1
657 1
+5 1
-5 1
+4 1
-4 1
+4 1
137 3
+67 3
+12 2
-2 1
fi=(28)
56 3
cob=(2)
cfi=(171)
cfn=(580)
calls=1 3294 
* 231
* 3
fe=(140)
218 2
+6 1
+1 1
+11 2
-11 1
+11 1
-12 1
+6 1
-6 1
+4 1
+5 1
+1 1
+1 1
+1 1
-3 1
+3 1
683 1
-43 3
+59 1
-54 1
+53 2
+6 2
+3 4
+19 4
+5 2
+28 1
-27 2
+10 1
+17 1
-18 2
+18 1
cfi=(141)
cfn=(456)
calls=1 95 
* 63
+1 1
+1 1
+6 3
-7 1
-56 2
+3 2
+64 2
+3 2
+3 3
+4 1
fi=(297)
57 3
fi=(28)
-7 2
cob=(2)
cfi=(171)
cfn=(862)
calls=1 3359 
* 93
fe=(140)
809 9
663 1
150 2
671 1
201 2

fn=(454) _dl_find_object_init
562 2
+3 1
-3 3
+5 2
+13 1
cfn=(458)
calls=1 475 
* 112
+1 1
-1 1
+1 1
fi=(28)
56 1
cfi=(27) /usr/src/debug/glibc/glibc/elf/dl-minimal-malloc.c
cfn=(78) __minimal_malloc
calls=1 -20 
* 30
fe=(140)
581 1
fi=(28)
56 1
fe=(140)
583 2
+3 2
+5 1
+1 1
cfn=(458)
calls=1 475 
* 437
+3 3
+10 4
-37 2
cfi=(141)
cfn=(456)
calls=1 95 
* 68
* 1
+29 2
cfn=(460)
calls=1 -60 
* 188
+3 6
+2 1

fl=(61) /usr/src/debug/glibc/glibc/io/../sysdeps/unix/sysv/linux/close_nocancel.c
fn=(196) __GI___close_nocancel
25 7
+1 28
+1 7

fl=(7) /usr/src/debug/glibc/glibc/elf/dl-minimal.c
fn=(462) __rtld_malloc_init_real
76 2
+10 1
fi=(142) /usr/src/debug/glibc/glibc/elf/../sysdeps/generic/dl-hash.h
-41 1
-1 1
fe=(7)
+32 8
+11 1
-1 1
fi=(142)
-43 7
+5 3
+14 4
-17 3
+3 15
+14 20
-17 15
fe=(7)
+46 2
fi=(142)
-24 1
fe=(7)
+22 1
+2 2
fi=(142)
-19 1
fe=(7)
+19 1
cfn=(466) lookup_malloc_symbol
calls=1 -30 
* 619
+1 3
-1 1
+1 1
cfn=(466)
calls=1 -31 
* 656
+1 3
-1 1
+1 1
cfn=(466)
calls=1 -32 
* 674
+1 3
-1 1
+1 1
cfn=(466)
calls=1 -33 
* 628
+5 1
+1 1
+1 1
+1 1
+1 8

fn=(466)
61 8
+3 4
-3 12
+3 4
-3 12
+3 4
-3 4
+2 4
+1 16
cfi=(75)
cfn=(274)
calls=4 772 
* 2401
+4 28
+1 28
+2 4
fi=(143) /usr/src/debug/glibc/glibc/elf/./dl-sym-post.h
-30 8
+12 12
fe=(7)
+19 28

fn=(12) __rtld_malloc_init_stubs
42 1
+1 2
+1 2
+1 2
+1 2
+1 1

fl=(44) /usr/src/debug/glibc/glibc/elf/dl-debug.c
fn=(198) _dl_debug_update
38 8
+3 8
-1 16
+4 16
+4 8

fn=(146) _dl_debug_state
116 4
+1 4

fn=(140) _dl_debug_initialize
56 6
+3 4
+4 2
+22 2
+10 2
-32 4
+1 1
+21 2
+10 2
-34 2
+29 2
+1 1
+4 1
-4 1
-1 1
+2 1
+3 1
+4 2
+8 4
-22 2
-28 1
+4 2
+35 6

fl=(137) /usr/src/debug/glibc/glibc/misc/../sysdeps/unix/syscall-template.S
fn=(444) mprotect
117 35
+5 7

fn=(498) munmap
117 10
+5 2

fl=(331) /usr/src/debug/glibc/glibc/elf/dl-call_fini.c
fn=(1520) _dl_call_fini
24 56
+4 14
+6 7
-2 7
+3 14
+3 5
+1 5
-1 5
+1 10
+3 20
+1 5
cob=(8)
cfi=(309) /usr/src/debug/gcc/gcc/libgcc/unwind-dw2-fde.c
cfn=(1594) release_registered_frames
calls=1 +15 
* 42
cob=(5) /usr/lib/libpcre2-8.so.0.13.0
cfi=(161) ???
cfn=(1578) 0x00000000000020b0
calls=1 -43 
* 96
cob=(6)
cfi=(162)
cfn=(1562)
calls=1 -43 
* 96
cob=(4) /usr/lib/valgrind/vgpreload_core-amd64-linux.so
cfi=(155) ???
cfn=(1546) 0x0000000000001090
calls=1 -43 
* 96
cob=(7)
cfi=(179)
cfn=(1522) 0x0000000000002d80
calls=1 -43 
* 96
* 1
cob=(8)
cfi=(301) ???
cfn=(1598) 0x00000000000053c0
calls=1 -43 
* 96
-1 24
+5 7
+1 14
+1 10
+1 25
-1 5
cob=(3)
cfi=(154)
cfn=(1612)
calls=1 -49 
* 4
cob=(3)
cfi=(154)
cfn=(1592)
calls=1 -49 
* 4
cob=(3)
cfi=(154)
cfn=(1576)
calls=1 -49 
* 4
cob=(3)
cfi=(154)
cfn=(1560)
calls=1 -49 
* 4
cob=(3)
cfi=(154)
cfn=(1542)
calls=1 -49 
* 4
+1 12

fl=(22) /usr/src/debug/glibc/glibc/string/../sysdeps/x86_64/multiarch/../multiarch/strlen-sse2.S
fn=(62) strlen
57 27
+44 27
+1 27
+1 27
+1 27
+1 27
+1 27
+1 27
+2 27
+2 27
+31 27
+1 27
+1 27
+1 27
+1 27
+1 10
+2 10
+4 17
+1 17
+1 17
+1 17
+1 17
+1 17
+1 17
+1 17
+1 17
+1 17
+1 17
+1 17
+5 136

fl=(26) /usr/src/debug/glibc/glibc/elf/dl-object.c
fn=(72) _dl_new_object
59 90
+3 12
+21 5
-3 5
+3 5
cfi=(22)
cfn=(62)
calls=5 -26 
* 121
+4 10
-4 5
+9 5
-9 15
fi=(28)
-39 10
cob=(2)
cfi=(171)
cfn=(618)
calls=1 3699 
* 47232
cfi=(27)
cfn=(74) __minimal_calloc
calls=4 +36 
* 265
fe=(26)
+39 1
fi=(28)
-39 2
cfi=(27)
cfn=(74)
calls=1 +36 
* 47
* 6
fe=(26)
+51 12
+5 6
+4 6
-6 6
+2 6
+4 6
-5 6
+4 6
+1 12
-1 6
+1 6
cfi=(29) /usr/src/debug/glibc/glibc/string/../sysdeps/x86_64/multiarch/memmove-vec-unaligned-erms.S
cfn=(82) memcpy
calls=6 210 
* 77
* 6
+15 6
-15 6
+2 6
+13 12
+6 1
+2 7
+3 2
-3 35
+3 10
+2 6
+4 6
+3 18
fi=(4) /usr/src/debug/glibc/glibc/elf/../sysdeps/generic/ldsodefs.h
1336 3
fe=(26)
139 2
+2 1
-2 2
fi=(4)
1336 45
fe=(26)
139 30
+2 15
-2 30
+16 12
-5 6
+5 6
-6 6
+6 6
-6 6
+6 12
+2 10
+3 10
-3 8
+7 20
+4 12
+8 2
+13 2
-10 4
+10 10
-10 8
+10 12
+2 5
cfi=(22)
cfn=(62)
calls=5 57 
* 175
+21 5
-21 15
+17 5
-13 15
+50 15
cfi=(29)
cfn=(134) mempcpy
calls=5 -48 
* 73
* 5
+5 10
+1 10
-1 174
+1 174
+4 10
+1 5
+3 5
+4 54
131 12
-8 5
-4 10
+34 1
+7 4
+8 19
+2 2
+6 2
-15 2
fi=(28)
56 10
cob=(2)
cfi=(171)
cfn=(580)
calls=1 3294 
* 45
cfi=(27)
cfn=(78)
calls=4 -20 
* 120
* 5
fe=(26)
200 10
-1 10
64 2
+2 3
+1 2
+4 6
+6 2

fn=(86) _dl_add_to_namespace_list
31 24
+2 6
-2 12
+2 6
-2 18
+2 6
cob=(2)
cfi=(263)
cfn=(1118)
calls=1 +44 
* 44
cfi=(24) /usr/src/debug/glibc/glibc/elf/../sysdeps/nptl/dl-tls_init_tp.c
cfn=(88) rtld_mutex_dummy
calls=5 +9 
* 15
+2 53
+3 80
+2 5
+2 5
+4 5
+4 5
-4 10
+1 10
+1 10
+3 25
-1 5
cob=(2)
cfi=(264)
cfn=(1120)
calls=1 367 
* 43
cfi=(24)
cfn=(88)
calls=4 -8 
* 12
-4 1
+4 1
-4 2
+1 2
+1 2
+3 5
-1 1
cfi=(24)
cfn=(88)
calls=1 -8 
* 3
-5 2

fl=(15) /usr/src/debug/glibc/glibc/elf/../sysdeps/x86/dl-get-cpu-features.c
fn=(476) __x86_cpu_features
76 1
-37 3
+37 2

fn=(34) _dl_x86_init_cpu_features
37 1
+2 3
+2 1
cfi=(16) /usr/src/debug/glibc/glibc/elf/../sysdeps/x86/cpu-features.c
cfn=(36) init_cpu_features.constprop.0
calls=1 751 
* 7454

fl=(23) /usr/src/debug/glibc/glibc/elf/../misc/sbrk.c
fn=(64) sbrk
37 4
+3 1
-3 2
+21 2
+4 2
+16 5

fl=(11)
fn=(28)
438 37
+3 74
-3 37
+3 296
+9 34
-9 68
+19 22
+7 222
+2 37
-19 15
+1 15
+9 6

fn=(60) do_tunable_update_val
70 6
+3 6
-3 6
+3 24
+21 6
+1 6
-1 18
+1 24
fi=(12) /usr/src/debug/glibc/glibc/elf/dl-tunables.h
+47 12
fe=(11)
-44 12
+3 12
+4 12
+8 12
+3 6
+1 6
+1 6
+1 12
-36 6
+18 18
+11 12

fn=(22) __GI___tunables_init
294 1
+6 3
-6 1
+10 2
-10 3
+10 1
-10 4
+10 1
-10 2
+10 28
43 505
+6 100
-3 100
+3 9765
+4 200
+4 200
fi=(12)
160 100
fe=(11)
57 200
fi=(12)
161 208
-1 124
+1 308
fe=(11)
319 600
+1 300
+2 300
-3 4800
+1 2400
+2 2400
-5 2800
fi=(12)
160 981
+1 3924
-1 405
fe=(11)
340 6
+3 27
+3 27
+9 8

fn=(58) __GI___tunable_set_val
162 6
+1 36
+2 6
cfn=(60)
calls=6 -95 
* 222

fl=(2) /usr/src/debug/glibc/glibc/elf/rtld.c
fn=(2) _dl_start
517 16
85 1
547 4
85 1
543 1
85 1
546 1
85 1
fi=(3) /usr/src/debug/glibc/glibc/elf/./get-dynamic-info.h
-40 1
fe=(2)
546 1
fi=(3)
45 2
+23 17
-23 68
+4 34
+3 5
-1 10
+3 20
+1 16
+1 5
fi=(4)
+23 1
fi=(3)
+31 1
-38 3
+12 3
+1 3
+1 4
+1 4
+1 5
+1 3
+1 4
+1 4
+12 7
+7 2
-51 4
+64 3
+6 3
+1 3
+3 2
+1 3
+5 5
+3 5
fe=(2)
563 141
fi=(4)
79 1
fe=(2)
563 3
fi=(4)
79 2
fe=(2)
563 25
fi=(6) /usr/src/debug/glibc/glibc/elf/../sysdeps/x86_64/dl-machine.h
277 2
fe=(2)
563 1
fi=(5) /usr/src/debug/glibc/glibc/elf/do-rel.h
49 1
+4 1
-5 1
+1 3
+4 7
+3 2
fe=(2)
563 1
fi=(5)
49 1
+4 1
-5 1
+1 3
+4 7
+3 2
+7 1
+2 1
-2 2
fi=(6)
268 1
fi=(5)
64 2
fi=(6)
268 2
+9 8
+3 2
+1 2
+26 4
fi=(5)
61 7
fe=(2)
563 6
fi=(5)
51 1
fi=(4)
+28 2
fi=(3)
-17 4
+2 4
fe=(2)
563 39
+2 1
+13 1
cfi=(7)
cfn=(12)
calls=1 42 
* 10
458 2
85 1
476 2
85 3
476 1
cfi=(8) /usr/src/debug/glibc/glibc/elf/dl-setup_hash.c
cfn=(14) _dl_setup_hash
calls=1 25 
* 27
+2 1
+16 2
-17 1
+11 1
-10 1
+16 1
cfi=(9) /usr/src/debug/glibc/glibc/elf/../sysdeps/unix/sysv/linux/dl-sysdep.c
cfn=(16) _dl_sysdep_start
calls=1 103 
* 406745
* 1
+2 2
+89 9
fi=(3)
103 3
fe=(2)

fn=(150) handle_preload_list
871 11
+5 1
-5 2
+5 2
-4 2
+10 2
+7 1
183 1
891 2
183 2
893 2
+1 4
cfn=(154) do_preload
calls=1 -88 
* 2743
* 1
-18 2
+3 3
cfi=(48) /usr/src/debug/glibc/glibc/string/../string/strcspn.c
cfn=(152) strcspn
calls=1 32 
* 241
* 1
+1 3
+2 4
cfi=(29)
cfn=(82)
calls=1 210 
* 19
+1 2
+14 9

fn=(162) map_doit
641 2
+2 1
-2 4
+2 1
+1 2
-1 2
+1 3
cfi=(30) /usr/src/debug/glibc/glibc/elf/dl-load.c
cfn=(164) _dl_map_object
calls=1 1903 
* 2600
* 1
+2 3

fn=(66) dl_main
1348 2
197 1
1348 11
199 1
302 1
+1 1
197 1
+99 3
1360 1
cfi=(24)
cfn=(68) __tls_pre_init_tp
calls=1 51 
* 17
2764 3
2541 1
2764 2
2612 1
+2 2
+15 2
-13 2
cfi=(25) /usr/src/debug/glibc/glibc/elf/dl-environ.c
cfn=(70) _dl_next_ld_env_entry
calls=1 28 
* 647
* 2
cfi=(25)
cfn=(70)
calls=1 28 
* 6
* 6
+4 3
-2 1
+2 3
+1 1
-1 3
+1 6
-1 32
+9 6
2741 3
1376 1
+1 2
-1 2
+1 2
2654 2
+10 2
1640 9
cfi=(26)
cfn=(72)
calls=1 59 
* 296
* 1
+2 2
+1 1
+1 1
+5 2
-5 1
+1 3
+4 1
cfi=(26)
cfn=(86)
calls=1 31 
* 42
+1 2
1118 1
-1 1
1353 1
1145 1
-21 1
+2 1
+19 1
-18 1
+18 1
-21 1
+21 2
+57 1
-57 1
-25 1
+22 1
+4 2
+19 1
+37 2
-37 1
+37 1
-56 66
+56 4
-1 4
+1 8
-1 4
+2 8
+1 1
+2 12
+1 14
+4 8
+1 8
+1 4
+4 16
-72 24
+1 50
1249 1
1145 1
1249 2
1145 3
1256 22
+6 4
cfi=(30)
cfn=(90) _dl_process_pt_gnu_property
calls=1 857 
* 55
-7 26
+1 13
+6 13
-6 26
fi=(31) /usr/src/debug/glibc/glibc/elf/../sysdeps/x86/dl-prop.h
149 4
fe=(2)
1150 1
-5 1
+5 2
-5 2
+30 1
-9 2
+2 1
-3 1
+10 2
-30 1
+48 1
-48 2
+10 2
-10 1
+10 1
+1 9
-11 2
1268 3
+3 2
+2 2
1675 3
+2 1
-1 1
+1 2
+1 2
-2 1
+2 1
-2 2
cfi=(32) /usr/src/debug/glibc/glibc/string/../sysdeps/x86_64/multiarch/../multiarch/strcmp-sse2.S
cfn=(96) strcmp
calls=1 98 
* 25
* 2
+7 1
+3 1
-5 1
+3 1
+2 1
+1 2
+4 2
+2 2
fi=(3)
39 3
+6 1
-2 1
+11 1
+1 1
-10 2
+23 26
-23 104
+4 52
+3 6
-1 12
+3 24
+1 20
fe=(2)
1245 1
1145 1
1245 1
1145 2
fi=(3)
72 3
+43 2
+7 2
+1 3
+6 3
+18 3
+15 3
+2 3
+1 2
+9 2
+6 2
+4 2
fe=(2)
1701 3
+7 2
cfi=(8)
cfn=(14)
calls=1 25 
* 27
+3 2
fi=(33) /usr/src/debug/glibc/glibc/elf/./setup-vdso.h
24 2
fi=(36) /usr/src/debug/glibc/glibc/elf/./dl-main.h
+85 2
fi=(35) /usr/src/debug/glibc/glibc/elf/../sysdeps/unix/sysv/linux/dl-vdso-setup.h
-64 1
fi=(36)
+64 3
cfi=(30)
cfn=(108) _dl_init_paths
calls=1 695 
* 1601
fe=(2)
1736 3
cfi=(44)
cfn=(140)
calls=1 56 
* 34
+7 1
-5 1
-2 1
+7 1
+4 1
+3 1
-3 3
+1 2
+3 1
+11 1
-13 1
+13 1
+1 2
+5 1
-3 2
+2 1
+1 2
+5 3
+1 5
-1 2
225 1
-1 1
+1 3
-1 1
+2 2
1791 2
+5 1
-1 1
1354 1
1796 1
+24 1
cfi=(45)
cfn=(142) _dl_count_modids
calls=1 217 
* 6
* 1
fi=(46) /usr/src/debug/glibc/glibc/elf/../sysdeps/generic/dl-debug.h
29 3
+1 1
fe=(2)
1826 1
+1 1
cfi=(44)
cfn=(146)
calls=1 116 
* 2
+1 1
+4 3
cfi=(47)
cfn=(148)
calls=1 29 
* 22
+5 3
+2 1
+2 2
+9 2
+16 4
cfi=(62) /usr/src/debug/glibc/glibc/io/../sysdeps/unix/sysv/linux/access.c
cfn=(202) access
calls=1 25 
* 9
* 2
+76 4
+16 3
85 1
1968 1
85 2
1968 2
85 1
1968 5
cfi=(63) /usr/src/debug/glibc/glibc/elf/dl-deps.c
cfn=(204) _dl_map_object_deps
calls=1 143 
* 20335
92 1
1974 1
92 2
+9 2
1974 2
+1 7
-1 4
+1 10
-1 20
+4 3
+1 2
+1 1
+2 22
+1 10
+13 1
-9 2
+8 3
+1 2
+2 1
+4 1
-2 2
-2 1
+4 1
+1 1
-1 2
+14 2
+1 2
+1 3
-25 1
+36 2
+2 1
-2 1
+2 2
-2 1
+1 2
+1 1
-1 2
+1 1
cfi=(49)
cfn=(234) _dl_receive_error
calls=1 190 
* 12418
+10 1
+1 1
-1 1
+1 1
+3 2
839 1
fi=(352) /usr/src/debug/glibc/glibc/elf/../sysdeps/unix/sysv/linux/dl-osinfo.h
39 2
fe=(2)
841 1
fi=(352)
52 1
fe=(2)
850 1
+7 1
-5 1
2050 3
2253 1
-4 2
+10 1
-6 1
+6 1
+3 2
+8 1
fi=(31)
36 1
fe=(2)
2270 1
fi=(31)
37 3
+3 1
+13 9
-13 5
+9 10
-9 1
+9 24
+4 20
-16 18
+34 1
fe=(2)
2282 1
fi=(31)
71 1
cfi=(73) /usr/src/debug/glibc/glibc/elf/../sysdeps/x86_64/dl-cet.c
cfn=(262) _dl_cet_check
calls=1 361 
* 38
fe=(2)
2285 1
-3 2
+5 1
-2 2
+2 2
+1 6
cfi=(74) /usr/src/debug/glibc/glibc/elf/dl-reloc.c
cfn=(266) _dl_relocate_object
calls=1 207 
* 74730
85 2
2295 1
85 2
2296 24
+2 12
+5 12
+2 12
+6 6
+2 12
+1 40
cfi=(74)
cfn=(266)
calls=5 207 
* 246656
+4 14
+1 2
-23 1
+23 1
cfi=(45)
cfn=(446) _dl_add_to_slotinfo
calls=1 1099 
* 28
-23 4
92 3
+1 1
2328 1
93 1
2328 1
+4 4
+2 1
+7 3
cfi=(45)
cfn=(452) _dl_allocate_tls_init
calls=1 558 
* 146
+3 2
+4 3
+2 2
+33 3
cfi=(146) /usr/src/debug/glibc/glibc/elf/dl-call-libc-early-init.c
cfn=(478) _dl_call_libc_early_init
calls=1 27 
* 600
+7 1
cfi=(9)
cfn=(492) _dl_sysdep_start_cleanup
calls=1 148 
* 2
+3 3
cfi=(47)
cfn=(494)
calls=1 41 
* 9
+4 2
cfi=(44)
cfn=(198)
calls=1 38 
* 7
+1 1
-1 1
+2 1
cfi=(44)
cfn=(146)
calls=1 116 
* 2
+1 1
+4 1
cfi=(64) /usr/src/debug/glibc/glibc/elf/dl-cache.c
cfn=(496) _dl_unload_cache
calls=1 509 
* 19
+5 8
2307 1
+1 1
-3 2
226 3
1776 1
+6 1
-6 2
+6 1
fi=(3)
56 5
+3 4
fi=(34) /usr/src/debug/glibc/glibc/elf/../sysdeps/unix/sysv/linux/dl-vdso.h
-19 2
+1 5
fi=(35)
-11 1
+3 1
+3 1
+3 1
fi=(34)
+16 2
fi=(3)
+17 2
+12 3
+1 4
+1 4
+1 4
+1 3
+1 4
+1 4
+1 4
+12 1
+7 1
-7 7
+7 2
fe=(2)
1746 4
2360 1
cfi=(140)
cfn=(454)
calls=1 562 
* 875
+5 2
cfi=(7)
cfn=(462)
calls=1 76 
* 2694
+3 1
cfi=(144) /usr/src/debug/glibc/glibc/elf/../sysdeps/nptl/dl-mutex.c
cfn=(470) __rtld_mutex_init
calls=1 30 
* 551
85 1
2374 1
+1 3
85 3
2375 2
cfi=(74)
cfn=(266)
calls=1 207 
* 317
92 3
+9 3
2043 2
cfn=(244) init_tls
calls=1 734 
* 885
* 2
fi=(3)
62 4
+2 4
fe=(2)
2664 2
+2 2
+1 1
85 1
1845 1
85 2
1845 1
85 1
1845 2
cfn=(150)
calls=1 871 
* 3060
* 1
92 3
+9 3
1946 16
+1 1
-1 1
+4 3
+1 1
+1 2
+1 2
-7 2

fn=(244)
734 1
+6 1
-6 3
+2 2
+4 2
+11 1
fi=(28)
44 1
fe=(2)
746 1
+4 1
fi=(28)
44 1
cfi=(27)
cfn=(74)
calls=1 +36 
* 41
fe=(2)
761 1
-12 1
+6 1
-9 1
+11 1
+4 1
+2 3
-1 4
+3 12
+4 1
+2 1
-2 2
-5 1
-1 2
+1 5
-1 10
+10 3
+3 2
cfi=(45)
cfn=(246) _dl_tls_static_surplus_init
calls=1 122 
* 86
+3 1
cfi=(45)
cfn=(248) _dl_determine_tlsoffset
calls=1 241 
* 81
+7 1
cfi=(45)
cfn=(250) _dl_allocate_tls_storage
calls=1 442 
* 484
* 1
+1 2
+4 1
cfi=(45)
cfn=(254) _dl_tls_initial_modid_limit_setup
calls=1 1081 
* 23
+4 1
fi=(71) /usr/src/debug/glibc/glibc/elf/../sysdeps/generic/dl-call_tls_init_tp.h
31 2
fe=(2)
795 1
fi=(71)
31 6
+2 1
cfi=(24)
cfn=(258) __tls_init_tp
calls=1 +33 
* 81
fe=(2)
802 1
-3 1
+3 4

fn=(236) version_check_doit
674 2
+2 1
-2 4
+2 3
cfi=(70) /usr/src/debug/glibc/glibc/elf/dl-version.c
cfn=(238) _dl_check_all_versions
calls=1 392 
* 12381
* 2
+4 3

fn=(154)
806 1
+12 1
-12 3
+12 1
-12 1
+12 1
-12 3
+6 1
+6 1
-2 1
-3 1
+5 1
-10 1
+6 1
+4 1
cfi=(49)
cfn=(156)
calls=1 258 
* 2712
+1 3
+8 3
+6 6

fl=(75)
fn=(278) do_lookup_x
347 5094
+1 566
-1 2264
+6 566
-6 566
+7 566
+11 1132
fi=(77) /usr/src/debug/glibc/glibc/elf/../sysdeps/generic/dl-protected.h
29 1132
fe=(75)
365 1132
+31 6780
+8 2260
-4 2260
+1 2260
+3 9040
+1 4520
+3 2260
-3 2260
+4 4520
+3 2260
+4 2260
-4 2260
+1 2260
-2 2260
+5 6780
+3 15820
+99 5268
358 4530
+3 4530
+4 4570
+21 4520
+4 4520
fi=(4)
139 1018
+1 1527
fe=(75)
476 1018
fi=(77)
29 1018
fe=(75)
483 3576
+16 1018
+1 509
+22 509
-21 509
+21 3563
-99 1692
-1 1128
+2 1128
+2 553
+6 2212
-6 553
+6 3318
+7 2025
-10 5890
+2 527
+1 1581
-1 527
+1 1054
-1 527
+1 527
+1 527
-1 527
+1 527
-1 3689
cfn=(280) check_match
calls=527 70 
* 69864
+4 1581
+3 48
+48 372
+35 57
-1 57
+1 399
-52 106
+2 12
-24 350
+5 4024

fn=(280)
70 7905
+3 3162
+13 527
-13 527
+13 527
-13 527
+13 1581
+3 2702
cfi=(32)
cfn=(96)
calls=412 +9 
* 20938
* 824
+4 527
+1 1054
+2 886
+19 886
+1 3544
+2 36
+44 503
-1 503
+1 3521
-18 168
+2 168
+1 84
-1 168
+1 252
-1 168
+4 12
+1 42
+2 24
-75 6
+84 48
-84 18
+84 144
-45 1275
cfi=(32)
cfn=(96)
calls=425 -19 
* 15757
* 850

fn=(274)
772 3162
+2 527
-2 1581
+2 527
-2 2108
fi=(76) /usr/src/debug/glibc/glibc/elf/../sysdeps/generic/dl-new-hash.h
74 527
+3 1054
-8 527
+1 1054
+10 527
+1 1054
-1 3101
+1 6202
+20 3380
-2 3380
+6 3380
-3 6760
+2 3380
-30 3380
+3 6760
fe=(75)
774 527
+4 527
-4 527
+8 1904
+9 425
-7 425
+1 425
+6 850
-6 425
+6 1904
-15 527
+15 527
-15 4216
+15 285
+1 8490
cfn=(278)
calls=566 347 
* 230663
* 2791
+28 527
-28 1581
+28 527
-23 1054
-5 509
+29 3513
+35 4581
+14 1527
+3 1018
-57 1054
+76 4743
fi=(76)
87 248
+1 248
+1 496
+1 248
fe=(75)
791 102
-6 102
+6 204
-6 102
+6 204
-7 204
+37 20
+50 2
535 192
799 108
+18 54
+63 72

fl=(20) /usr/src/debug/glibc/glibc/elf/../sysdeps/x86/dl-cacheinfo.h
fn=(50) handle_intel.constprop.0
255 24
-5 12
+17 12
-17 96
+11 12
+1 12
+5 36
+4 24
+34 96
-29 12
+3 24
-3 12
+3 36
cfn=(52) intel_check_word.constprop.0
calls=12 123 
* 4092
+2 24
+3 60
cfn=(52)
calls=12 123 
* 1346
+2 24

fn=(56) get_common_cache_info.constprop.0
571 11
+47 1
-29 1
-3 1
+32 1
-17 2
-11 1
+28 2
+4 2
-26 1
+31 1
-14 1
+17 1
-32 1
+32 1
-32 1
+32 1
-32 1
+32 2
-32 1
+32 3
+10 26
+14 2
+4 1
+3 1
+1 1
-4 2
+3 3
+6 2
-37 12
+6 6
-6 3
+6 2
+1 8
770 4
+1 5
+4 2
+7 1
+1 1
+1 1
+1 7
645 2
+4 1
+1 1
-1 2
+18 2
-69 11
+75 4
+8 1
+2 1
-2 5
+2 2
-2 2
+22 2
-16 1
+16 5
+5 3
-21 3
+3 1
+1 2
-4 3
+3 1
+1 6
+2 4
+3 2
+5 1
+2 2
+1 1
+1 1
-2 2
+1 1
-19 9
+46 2
+2 1
-1 1
+1 2
+2 2
-1 2
+25 3
-48 2
-7 1
+11 2
+3 1
+2 4
+1 2
+5 2

fn=(52)
123 48
-4 72
+10 24
-10 120
+10 48
-10 24
+10 48
+2 48
+71 48
fi=(21) /usr/src/debug/glibc/glibc/elf/../bits/stdlib-bsearch.h
32 24
fe=(20)
202 120
-71 96
+2 60
+2 120
+8 120
+51 96
+22 48
fi=(21)
28 48
-1 96
+2 216
+2 168
+1 84
fe=(20)
+78 168
+3 324
fi=(21)
-78 264
-6 528
+2 480
+1 240
fe=(20)
+78 480
+15 12
246 144
fi=(21)
37 120
fe=(20)
155 36
+3 36
+9 12
-12 12
+12 12
+1 24
+1 24
+1 24
-18 24
+12 24
+1 24
+22 21
-32 63
+3 63
+4 64
+2 128
+3 58
+1 50
+1 38
+1 24
+2 11
+2 22
+6 14
+3 8
+1 12
-8 4
+2 4
+1 4
-2 4
-1 4
+2 8
-2 4
+3 4
-2 12
+2 12
+11 2
-9 12

fl=(296)
fn=(1376) _dl_find_dso_for_object
214 2
+4 1
-4 5
+4 4
+1 4
+1 16
+1 2
-2 9
+5 2
+4 7

fn=(1372) dl_open_worker
793 5
+10 1
-3 1
-7 4
+3 1
+4 2
cob=(2)
cfi=(263)
cfn=(1118)
calls=1 77 
* 44
+3 4
cfi=(49)
cfn=(159) _dl_catch_exception'2
calls=1 208 
* 114577
+2 1
-2 1
+2 1
cob=(2)
cfi=(264)
cfn=(1120)
calls=1 367 
* 43
+2 2
+5 2
+28 7
-25 1
+1 1
+13 2
-7 1
+4 1
+3 1
-7 3
+7 1
cfi=(49)
cfn=(159)
calls=1 208 
* 603
+4 2
+4 2

fn=(1390) call_dl_init
527 1
+2 5
cfi=(153) /usr/src/debug/glibc/glibc/elf/dl-init.c
cfn=(508) _dl_init
calls=1 81 
* 571

fn=(1382) _dl_open_relocate_one_object.part.0
481 1
-7 3
+7 1
+3 1
+1 1
+4 1
+9 1
-9 1
+22 2
cfi=(74)
cfn=(266)
calls=1 207 
* 53069

fn=(1374) dl_open_worker_begin
534 2
+10 1
-10 8
+2 1
+1 1
+7 2
cfi=(41) /usr/src/debug/glibc/glibc/string/../sysdeps/x86_64/multiarch/../multiarch/strchr-sse2.S
cfn=(122) index
calls=1 32 
* 24
+1 2
+9 1
-2 1
+2 1
cfn=(1376)
calls=1 214 
* 52
* 1
-2 2
+7 3
+1 2
+6 2
+8 1
-8 3
+4 1
-4 1
+8 1
-4 1
+4 1
cfi=(44)
cfn=(140)
calls=1 56 
* 18
+4 8
cfi=(30)
cfn=(164)
calls=1 1903 
* 52383
* 2
+5 2
+6 2
+5 3
+3 1
-3 2
+3 1
+37 2
+4 6
+4 1
-4 1
cfi=(63)
cfn=(204)
calls=1 143 
* 3836
+4 9
+1 15
+3 2
-4 1
+4 1
cfi=(70)
cfn=(240) _dl_check_map_versions
calls=1 155 
* 3974
-4 2
+19 3
cfi=(47)
cfn=(494)
calls=1 41 
* 9
+4 2
cfi=(44)
cfn=(198)
calls=1 38 
* 7
+1 1
-1 2
+2 1
cfi=(44)
cfn=(146)
calls=1 116 
* 2
+1 1
fi=(31)
36 1
+1 3
+3 1
+13 1
-4 5
-9 2
+9 4
-9 1
+9 6
+4 4
-16 9
+43 2
cfi=(73)
cfn=(1380) _dl_cet_open_check
calls=1 322 
* 36
fe=(296)
673 2
+6 1
-1 1
+1 2
-1 2
+10 1
-1 1
-1 1
-1 1
+3 6
+3 2
+4 1
-4 6
+4 2
-4 4
+3 1
+1 1
-1 1
+3 2
+2 2
-2 4
+2 4
+18 2
-16 1
+16 5
478 3
722 11
+1 2
478 8
cfn=(1382)
calls=1 +3 
* 53081
722 3
260 17
+2 6
+4 12
756 2
cfi=(140)
cfn=(1384)
calls=1 +30 
* 583
* 2
+12 2
+6 2
+1 1
+6 2
+7 1
+1 8
545 3
365 3
-1 2
+1 6
+2 6
+4 8
+2 2
+1 1
-1 1
cfi=(45)
cfn=(446)
calls=1 1099 
* 23
+1 1
-9 3
736 2
452 5
+11 1
-11 2
+2 14
+2 2
+7 1
-10 1
-1 2
+1 6
-1 12
325 4
+27 6
-27 9
+2 3
+1 3
-1 3
+3 12
+56 2
+1 13
+2 6
+4 8
+2 3
cfi=(45)
cfn=(446)
calls=1 1099 
* 28
+2 1
+1 1
-1 1
+7 4
+4 2
+5 2

fn=(1370)
845 11
+1 3
+5 6
cob=(2)
cfi=(263)
cfn=(1118)
calls=1 77 
* 44
+2 3
+27 3
+21 1
-4 1
+8 3
-11 1
+11 1
-4 1
+1 1
-9 1
+2 1
+1 1
+4 1
+2 1
+3 1
cfi=(49)
cfn=(159)
calls=1 208 
* 115381
* 1
+4 1
cfi=(64)
cfn=(496)
calls=1 509 
* 19
+12 3
+2 5
+3 2
+26 1
cfi=(44)
cfn=(198)
calls=1 38 
* 7
+1 3
+3 2
cob=(2)
cfi=(264)
cfn=(1120)
calls=1 367 
* 43
+3 9

fl=(1) ???
fn=(0) 0x000000000001cdc0
0 2
cfi=(2)
cfn=(2)
calls=1 517 
0 407386
0 8
cfi=(73)
cfn=(504) _dl_cet_setup_features
calls=1 331 
0 4
0 10
cfi=(153)
cfn=(508)
calls=1 81 
0 5696
0 3
cob=(7)
cfi=(179)
cfn=(622) (below main)
calls=1 0 
0 92232968979

fl=(25)
fn=(70)
28 2
+1 2
+3 106
+13 99
-13 198
+2 200
+1 42
+5 1
-3 1
+3 1
+2 1

fl=(53) /usr/src/debug/glibc/glibc/io/../sysdeps/unix/sysv/linux/open64_nocancel.c
fn=(176) __open_nocancel
28 14
+3 7
-3 14
+3 42
+8 49
+2 14

fl=(49)
fn=(158) _dl_catch_exception
208 84
58 14
208 28
+3 28
+21 14
+1 28
-1 14
58 28
+4 14
+11 14
239 21
cfi=(50)
cfn=(160)
calls=7 31 
* 168
* 21
cfi=(50)
cfn=(160)
calls=7 31 
* 168
* 42
+2 42
cob=(2)
cfi=(295)
cfn=(1410)
calls=6 102 
* 3171
cob=(2)
cfi=(295)
cfn=(1368)
calls=1 92 
* 115584
cfi=(63)
cfn=(206) openaux
calls=6 61 
* 17024
cfi=(2)
cfn=(162)
calls=1 641 
* 2619
69 14
+1 14
-1 14
+1 7
243 28
-25 7
+34 21
-9 28
-25 7
+34 21
59 14
+11 21
+3 14

fn=(159)
208 36
58 6
208 12
+3 12
+21 5
+1 10
-1 5
58 10
+4 10
+11 10
239 15
cfi=(50)
cfn=(160)
calls=5 31 
* 120
* 15
+2 15
cfi=(63)
cfn=(206)
calls=3 61 
* 2259
cfi=(296)
cfn=(1374)
calls=1 534 
* 114510
cfi=(296)
cfn=(1372)
calls=1 793 
* 115314
69 5
+1 5
-1 5
243 20
-25 5
+34 15
-34 1
+34 3
73 10
-15 2
+4 1
+11 1
215 3
cfi=(296)
cfn=(1390)
calls=1 527 
* 577
69 2
+4 2

fn=(234)
190 2
58 1
190 4
+2 1
-2 1
58 1
+1 1
+11 1
196 1
+2 1
cfi=(2)
cfn=(236)
calls=1 674 
* 12396
69 2
+1 1
202 1
-1 1
+1 3

fn=(156)
258 48
+2 8
-2 48
+2 8
cfn=(158)
calls=8 -52 
* 121910
+1 16
+1 8
+1 8
-1 8
+1 8
+2 48

fl=(8)
fn=(14)
25 7
+3 7
-3 7
+3 14
+3 21
+1 14
+2 7
-1 7
+3 21
+1 7
+1 14
+7 7
-5 7
-2 7
+3 14
+2 7
+2 14
+5 7

fl=(66) /usr/src/debug/glibc/glibc/misc/../sysdeps/unix/sysv/linux/setvmaname.c
fn=(220) __set_vma_name
33 2
+2 7
-2 4
+7 1
-7 2
+7 1
-7 2
+7 1
-7 1
+7 1
cfi=(11)
cfn=(28)
calls=1 438 
* 24
* 3
+7 1
+2 6

fl=(153)
fn=(510) call_init
29 20
-2 120
+8 30
+2 20
+6 7
+3 7
-3 14
+3 14
+5 12
+8 18
+1 24
cob=(3)
cfi=(154)
cfn=(1392)
calls=1 -60 
* 7
cob=(3)
cfi=(154)
cfn=(544)
calls=1 -60 
* 7
cob=(3)
cfi=(154)
cfn=(534)
calls=1 -60 
* 7
cob=(3)
cfi=(154)
cfn=(512)
calls=1 -60 
* 7
+3 6
+1 12
+6 10
+2 10
-2 5
+3 34
+1 16
cob=(8)
cfi=(301)
cfn=(1402) 0x0000000000005410
calls=1 -74 
* 12
cob=(6)
cfi=(163)
cfn=(554)
calls=1 517 
* 5059
cob=(2)
cfi=(160)
cfn=(532)
calls=1 -10 
* 22
cob=(2)
cfi=(159)
cfn=(530)
calls=1 545 
* 12
* 20
cob=(8)
cfi=(298) /usr/src/debug/gcc/gcc/libgcc/config/i386/cpuinfo.c
cfn=(1396) __cpu_indicator_init@GCC_4.8.0
calls=1 -14 
* 364
cob=(6)
cfi=(162)
cfn=(548)
calls=1 -74 
* 12
cob=(5)
cfi=(161)
cfn=(538) 0x0000000000002100
calls=1 -74 
* 12
cob=(2)
cfi=(156)
cfn=(522)
calls=1 -28 
* 72
cob=(4)
cfi=(155)
cfn=(516) 0x00000000000010e0
calls=1 -74 
* 12
-1 27
+3 80
-29 2

fn=(508)
81 26
+1 2
+1 2
+3 6
+8 4
+25 2
+1 10
+1 10
-1 2
+1 2
cfn=(510)
calls=2 -92 
* 68
* 35
-1 7
+1 7
cfn=(510)
calls=7 -92 
* 5961
-1 18
+7 16
-22 1
-17 1
cfn=(510)
calls=1 -59 
* 84
+1 3

fl=(74)
fn=(442) _dl_protect_relro
355 42
+1 35
+3 7
-3 7
+3 7
+4 14
+7 21
-6 21
cfi=(137)
cfn=(444)
calls=7 117 
* 42
* 14

fn=(266)
207 88
+1 16
+12 7
+1 7
+3 14
-3 7
-1 7
+6 7
-5 7
+5 7
+3 7
-1 7
+1 14
+22 35
+4 4
+7 8
fi=(6)
78 6
+6 4
+4 3
+15 1
-9 1
+9 2
+23 2
fi=(4)
-47 1
fe=(74)
301 2
fi=(4)
79 2
fe=(74)
301 2
fi=(4)
79 6
fe=(74)
301 12
fi=(4)
79 12
fe=(74)
301 10087
fi=(4)
79 5
fe=(74)
301 5
fi=(4)
79 10
fe=(74)
301 234
fi=(5)
49 1
+4 1
-5 1
+1 3
+4 8
+27 3
fe=(74)
301 48
fi=(5)
49 6
+4 6
-5 6
+1 18
+4 48
+27 18
fe=(74)
301 7
fi=(5)
49 7
+4 7
-5 7
+1 21
+4 56
+27 21
-7 1
-1 1
+11 7
fi=(6)
504 122
+4 122
+3 183
+1 61
fi=(5)
83 183
+2 244
-2 3
+13 2
fe=(74)
301 48
fi=(6)
720 35
+4 12
fe=(74)
304 35
+24 7
+3 14
+17 14
+2 8
-98 14
+3 10
+7 20
-9 10
+48 2673
fi=(5)
114 39
+9 24
+1 1
fi=(6)
488 1
fi=(5)
124 1
fi=(6)
488 2
fi=(5)
124 16
fi=(6)
488 16
fi=(5)
124 16
fi=(6)
488 32
+5 34
+1 17
fi=(5)
123 17
fi=(6)
494 17
-5 17
fi=(5)
123 34
+3 39
+3 44
+2 33
fi=(6)
282 6
fi=(5)
72 6
fe=(74)
190 24
fi=(6)
+92 6
fe=(74)
-92 6
fi=(6)
+92 6
fe=(74)
-92 6
fi=(6)
+92 6
fe=(74)
-92 6
fi=(6)
+92 6
fi=(5)
73 6
fe=(74)
190 18
fi=(5)
-57 12
+1 6
+1 6
-2 6
+2 6
+3 6
-5 6
+2 6
-2 6
+1 12
+2 6
-2 6
+2 18
+2 12
-5 1070
+1 535
+1 535
-2 535
+2 535
+3 535
-5 535
+2 535
-2 535
+1 1070
+2 535
-2 535
+2 1605
+2 1070
+9 494
fi=(6)
257 988
+7 988
+4 988
fe=(74)
-98 1976
fi=(4)
-30 1434
fe=(74)
+31 956
+3 956
+8 930
-8 4164
+12 918
-3 459
+1 459
+2 1848
-3 6
+1 6
+2 489
+1 465
-1 465
+2 1395
+1 465
-1 930
-1 126
+3 378
cfi=(75)
cfn=(274)
calls=63 772 
* 39970
-3 402
+3 2412
cfi=(75)
cfn=(274)
calls=402 772 
* 255602
+3 465
+1 930
-4 465
+4 2325
fi=(6)
+83 1898
+3 464
-3 1408
+3 480
-3 480
+3 960
+1 960
+1 1038
+25 2886
413 45
fi=(5)
150 45
fi=(6)
413 914
fi=(5)
150 1420
-19 2164
+33 42
+1 18
+1 141
+3 94
+2 47
+2 47
-4 47
+2 47
+1 47
-1 47
+2 94
fe=(74)
-3 188
fi=(6)
277 47
+3 47
+1 94
467 47
-1 94
+1 94
+1 47
cfi=(15)
cfn=(476)
calls=1 76 
* 6
cob=(2)
cfi=(136)
cfn=(440)
calls=1 29 
* 7
cob=(2)
cfi=(134)
cfn=(436)
calls=1 29 
* 23
cob=(2)
cfi=(133)
cfn=(432)
calls=1 29 
* 22
cob=(2)
cfi=(132)
cfn=(428)
calls=1 29 
* 19
cob=(2)
cfi=(131)
cfn=(424)
calls=1 29 
* 25
cob=(2)
cfi=(130)
cfn=(420)
calls=1 31 
* 21
cob=(2)
cfi=(129)
cfn=(416)
calls=1 29 
* 17
cob=(2)
cfi=(127)
cfn=(412)
calls=1 29 
* 24
cob=(2)
cfi=(126)
cfn=(408)
calls=1 31 
* 25
cob=(2)
cfi=(125)
cfn=(404)
calls=1 31 
* 21
cob=(2)
cfi=(124)
cfn=(402)
calls=1 60 
* 16
cob=(2)
cfi=(123)
cfn=(400)
calls=1 29 
* 7
cob=(2)
cfi=(122)
cfn=(396)
calls=1 31 
* 21
cob=(2)
cfi=(121)
cfn=(394)
calls=1 67 
* 21
cob=(2)
cfi=(119)
cfn=(390)
calls=2 31 
* 46
cob=(2)
cfi=(117)
cfn=(386)
calls=1 31 
* 19
cob=(2)
cfi=(116)
cfn=(382)
calls=1 30 
* 25
cob=(2)
cfi=(115)
cfn=(378)
calls=1 28 
* 25
cob=(2)
cfi=(114)
cfn=(376)
calls=1 65 
* 19
cob=(2)
cfi=(92)
cfn=(370)
calls=2 31 
* 50
cob=(2)
cfi=(111)
cfn=(366)
calls=1 29 
* 25
cob=(2)
cfi=(110)
cfn=(364)
calls=1 79 
* 19
cob=(2)
cfi=(109)
cfn=(362)
calls=1 29 
* 7
cob=(2)
cfi=(107)
cfn=(358)
calls=2 31 
* 50
cob=(2)
cfi=(106)
cfn=(354)
calls=1 30 
* 19
cob=(2)
cfi=(104)
cfn=(350)
calls=1 29 
* 24
cob=(2)
cfi=(102)
cfn=(346)
calls=1 29 
* 19
cob=(2)
cfi=(101)
cfn=(342)
calls=1 29 
* 22
cob=(2)
cfi=(100)
cfn=(338)
calls=1 29 
* 22
cob=(2)
cfi=(99)
cfn=(334)
calls=1 31 
* 18
cob=(2)
cfi=(98)
cfn=(330)
calls=1 29 
* 22
cob=(2)
cfi=(96)
cfn=(326)
calls=1 29 
* 24
cob=(2)
cfi=(95)
cfn=(322)
calls=1 29 
* 17
cob=(2)
cfi=(93)
cfn=(318)
calls=2 31 
* 20
cob=(2)
cfi=(92)
cfn=(314)
calls=1 31 
* 18
cob=(2)
cfi=(90)
cfn=(310)
calls=1 29 
* 24
cob=(2)
cfi=(88)
cfn=(306)
calls=1 29 
* 22
cob=(2)
cfi=(86)
cfn=(302)
calls=1 33 
* 17
cob=(2)
cfi=(84)
cfn=(298)
calls=1 31 
* 18
cob=(2)
cfi=(82)
cfn=(294)
calls=1 33 
* 22
cob=(2)
cfi=(80)
cfn=(290)
calls=1 31 
* 21
cob=(2)
cfi=(78)
cfn=(286)
calls=1 86 
* 30
fi=(5)
165 47
fi=(6)
469 47
fi=(5)
165 96
fe=(74)
301 10
fi=(5)
51 7
fi=(4)
+28 14
fi=(6)
336 2
+1 3
fi=(5)
150 2
fi=(6)
450 15
+5 10
-1 15
+1 10
-1 5
cfi=(29)
cfn=(82)
calls=5 210 
* 57
+2 25
+1 10
-67 48
+2 64
+4 16
+9 16
-9 32
+9 16
fi=(5)
150 32
fi=(6)
277 80
fi=(5)
141 47
+1 47
-1 141
+2 47
fi=(6)
277 235
fe=(74)
175 117
+3 13
-1 13
+19 13
-18 26
fi=(6)
285 78
+1 117
+11 78
+7 39
cob=(2)
cfi=(139)
cfn=(450)
calls=1 44 
* 7
cob=(2)
cfi=(96)
cfn=(326)
calls=2 29 
* 48
cob=(2)
cfi=(95)
cfn=(322)
calls=1 29 
* 17
cob=(2)
cfi=(109)
cfn=(362)
calls=1 29 
* 7
cob=(2)
cfi=(80)
cfn=(290)
calls=1 31 
* 21
cob=(2)
cfi=(110)
cfn=(364)
calls=1 79 
* 19
cob=(2)
cfi=(123)
cfn=(400)
calls=1 29 
* 7
cob=(2)
cfi=(136)
cfn=(440)
calls=1 29 
* 7
cob=(2)
cfi=(107)
cfn=(358)
calls=1 31 
* 25
cob=(2)
cfi=(138)
cfn=(448)
calls=1 42 
* 7
cob=(2)
cfi=(115)
cfn=(378)
calls=1 28 
* 25
cob=(2)
cfi=(86)
cfn=(302)
calls=1 33 
* 17
cob=(2)
cfi=(129)
cfn=(416)
calls=1 29 
* 17
cob=(2)
cfi=(121)
cfn=(394)
calls=1 67 
* 21
cob=(2)
cfi=(132)
cfn=(428)
calls=1 29 
* 19
cob=(2)
cfi=(122)
cfn=(396)
calls=1 31 
* 21
cob=(2)
cfi=(133)
cfn=(432)
calls=3 29 
* 66
cob=(2)
cfi=(98)
cfn=(330)
calls=3 29 
* 66
cob=(2)
cfi=(100)
cfn=(338)
calls=2 29 
* 44
cob=(2)
cfi=(88)
cfn=(306)
calls=2 29 
* 44
cob=(2)
cfi=(127)
cfn=(412)
calls=2 29 
* 48
cob=(2)
cfi=(134)
cfn=(436)
calls=2 29 
* 46
cob=(2)
cfi=(104)
cfn=(350)
calls=3 29 
* 72
cob=(2)
cfi=(114)
cfn=(376)
calls=2 65 
* 38
cob=(2)
cfi=(131)
cfn=(424)
calls=3 29 
* 75
* 117
+3 78
fe=(74)
+42 14
cfn=(442)
calls=7 +6 
* 210
+1 56
-49 3
fi=(5)
180 6
fi=(6)
282 1
fe=(74)
-92 1
fi=(5)
73 1
fe=(74)
190 1
fi=(6)
+92 1
fe=(74)
-92 1
fi=(6)
+92 1
fe=(74)
-92 2
fi=(6)
+92 1
fe=(74)
-92 1
fi=(6)
+92 1
fe=(74)
-92 5
fi=(5)
-8 2
+1 2
-1 1
+3 1
-3 4
+3 2
-3 10
+1 10
-1 5
+3 5
-3 20
+3 10
+8 6
fi=(6)
+64 12
+7 12
+4 12
fe=(74)
-98 24
fi=(4)
-30 18
fe=(74)
+31 12
+3 12
+8 12
-8 54
+12 12
-3 6
+1 6
+2 36
+4 24
-4 6
+4 18
cfi=(75)
cfn=(274)
calls=6 772 
* 3377
+3 6
+1 12
-4 6
+4 30
fi=(6)
+83 20
+3 2
-3 6
+3 2
-3 2
+3 4
+1 4
+1 4
+25 36
413 6
fi=(5)
196 18
-16 24
+31 6
fe=(74)
-36 52

fl=(73)
fn=(262)
361 1
+1 1
cfn=(264) dl_cet_check
calls=1 -93 
* 36

fn=(504)
331 1
+3 2
+16 1

fn=(1380)
322 1
+1 2
cfn=(264)
calls=1 -54 
* 33

fn=(264)
269 18
+16 2
-10 4
+2 2
-1 1
+6 1
+3 1
+8 1
-11 1
+1 1
-1 1
+1 1
-1 1
+1 1
+10 2
-11 1
+3 1
+8 1
-11 1
+1 1
-1 1
+1 1
-1 1
+1 1
+10 6
+25 16

fl=(52) /usr/src/debug/glibc/glibc/string/strdup.c
fn=(172) strdup
40 30
+1 5
cfi=(22)
cfn=(62)
calls=5 +16 
* 175
* 5
fi=(353) /usr/src/debug/glibc/glibc/string/../include/rtld-malloc.h
+15 10
cob=(2)
cfi=(171)
cfn=(580)
calls=1 3294 
* 45
cfi=(27)
cfn=(78)
calls=4 -20 
* 120
fe=(52)
-12 10
+3 15
+1 15
-1 5
cfi=(29)
cfn=(82)
calls=5 210 
* 63

fl=(51) /usr/src/debug/glibc/glibc/elf/dl-misc.c
fn=(212) _dl_sysdep_read_whole_file
36 4
+3 2
-3 14
+3 2
-3 4
+3 2
cfi=(53)
cfn=(176)
calls=2 -11 
* 40
+1 4
+23 16
-21 8
cfi=(56) /usr/src/debug/glibc/glibc/io/../sysdeps/unix/sysv/linux/fstat64.c
cfn=(184) fstat
calls=2 -12 
* 12
* 4
+2 4
+3 4
+13 4
cfi=(61)
cfn=(196)
calls=2 -35 
* 12
* 2
-11 12
cfi=(58) /usr/src/debug/glibc/glibc/misc/../sysdeps/unix/sysv/linux/mmap64.c
cfn=(188) mmap
calls=2 -2 
* 52
* 4

fn=(166) _dl_name_match_p
68 532
+1 152
cfi=(32)
cfn=(96)
calls=76 +29 
* 2381
* 152
+3 76
+2 152
+6 76
-6 152
+1 264
cfi=(32)
cfn=(96)
calls=88 +23 
* 2884
* 176
+8 12
-13 12
+13 100
-1 64
+1 192

fl=(188) /usr/src/debug/glibc/glibc/elf/dl-runtime.c
fn=(666) _dl_fixup
46 506
+2 230
+1 46
+6 46
fi=(354) /usr/src/debug/glibc/glibc/elf/../sysdeps/x86_64/dl-runtime.h
-27 46
fe=(188)
+21 46
+5 46
+1 46
-6 46
+6 92
+1 46
+2 46
-2 46
+2 46
-2 230
+7 92
+4 92
+4 46
-2 46
+2 92
+4 138
+1 184
+1 138
-8 27
+16 27
-1 27
+1 73
-1 19
+1 38
+2 16
+1 16
+7 160
cfi=(75)
cfn=(274)
calls=16 772 
* 9397
* 300
cfi=(75)
cfn=(274)
calls=30 772 
* 17269
* 46
+4 230
+10 460
+15 184
+9 138
+26 138
fi=(6)
+64 46
fe=(188)
-60 368
-63 64
+62 92
fi=(211) /usr/src/debug/glibc/glibc/elf/../sysdeps/x86_64/dl-irel.h
32 3
cob=(2)
cfi=(132)
cfn=(428)
calls=1 -3 
* 19
cob=(2)
cfi=(129)
cfn=(416)
calls=1 -3 
* 17
cob=(2)
cfi=(131)
cfn=(424)
calls=1 -3 
* 25
fe=(188)
+93 6

fl=(37) /usr/src/debug/glibc/glibc/elf/dl-hwcaps.c
fn=(110) _dl_important_hwcaps
172 8
+3 1
-3 1
+3 1
-3 5
+2 1
cfi=(38) /usr/src/debug/glibc/glibc/elf/../sysdeps/x86_64/dl-hwcaps-subdirs.c
cfn=(112) _dl_hwcaps_subdirs_active
calls=1 29 
* 49
+1 1
fi=(40) /usr/src/debug/glibc/glibc/elf/./dl-hwcaps.h
43 1
fe=(37)
174 1
fi=(40)
45 2
+32 1
+1 1
+1 1
fe=(37)
-27 2
cfi=(39) /usr/src/debug/glibc/glibc/elf/dl-hwcaps_split.c
cfn=(116) _dl_hwcaps_split_masked
calls=1 -1 
* 26
* 2
fi=(40)
-9 1
+2 1
-2 1
+34 2
+1 2
+1 1
fe=(37)
-24 2
-1 2
+1 2
+1 2
+1 2
-5 4
cfi=(39)
cfn=(116)
calls=2 -1 
* 148
* 2
cfi=(39)
cfn=(116)
calls=1 -1 
* 156
* 6
+48 4
fi=(28)
-44 2
cfi=(27)
cfn=(78)
calls=1 -20 
* 30
fe=(37)
+46 2
-2 1
+2 1
+3 1
+3 1
fi=(40)
-65 1
+2 2
+1 1
fe=(37)
+66 2
cfi=(39)
cfn=(118) _dl_hwcaps_split
calls=1 -87 
* 13
* 2
fi=(40)
-69 1
+2 1
-2 1
+34 2
+1 2
+1 1
fe=(37)
+48 10
+1 4
+1 2
+1 2
-1 2
-4 4
cfi=(39)
cfn=(116)
calls=2 -74 
* 148
* 2
cfi=(39)
cfn=(116)
calls=1 -74 
* 156
* 6
+8 3
+9 5
+3 8
-2 7
+8 2
+4 2
-4 3
+4 2
cfi=(42) /usr/src/debug/glibc/glibc/string/../sysdeps/x86_64/multiarch/../multiarch/memcmp-sse2.S
cfn=(126) bcmp
calls=1 -96 
* 19
+1 2
+1 1
+4 1
+1 1
+1 1
-20 3
+19 1
+1 1
-20 3
-1 9
+47 2
-4 1
+4 1
-3 1
+7 1
-7 2
+7 1
fi=(28)
56 1
cfi=(27)
cfn=(78)
calls=1 -20 
* 30
* 1
fe=(37)
194 2
+8 1
+1 5
-1 3
+1 2
cfn=(130) copy_hwcaps
calls=1 74 
* 53
+1 5
cfn=(130)
calls=1 74 
* 401
* 1
+4 1
+1 1
-1 1
+5 2
+3 9

fn=(130)
74 10
+6 2
-6 2
+6 2
-6 6
fi=(40)
-31 2
+2 2
+32 2
+1 2
+1 6
fe=(37)
+1 4
-1 2
+1 8
cfi=(29)
cfn=(134)
calls=2 197 
* 26
+4 2
+2 2
+2 2
-3 2
+1 4
+1 4
+1 2
-11 4
cfi=(39)
cfn=(116)
calls=2 -26 
* 148
* 4
cfi=(39)
cfn=(116)
calls=2 -26 
* 182
* 8
+13 14

fl=(24)
fn=(68)
51 3
+3 8
+5 1
-5 1
+5 1
+1 1
-6 1
+8 1

fn=(258)
66 2
fi=(355) /usr/src/debug/glibc/glibc/elf/../include/list.h
-22 1
fe=(24)
+22 3
fi=(355)
-23 1
fe=(24)
+24 1
+3 1
fi=(355)
-27 1
+1 1
+1 1
+2 1
fe=(24)
+26 4
+1 2
+1 1
+5 2
+5 1
+6 1
-3 1
+3 1
-6 3
+6 1
+12 4
cfi=(11)
cfn=(28)
calls=1 438 
* 24
fi=(72) /usr/src/debug/glibc/glibc/elf/../sysdeps/unix/sysv/linux/rseq-internal.h
-62 3
+18 1
fe=(24)
+54 1
+7 1
-7 1
+7 1
+1 3
fi=(72)
-71 2
+4 1
-4 2
+4 5
+2 2
fe=(24)

fn=(88)
42 12
+2 24

fl=(38)
fn=(112)
29 1
fi=(18) /usr/src/debug/glibc/glibc/elf/../sysdeps/x86/get-isa-level.h
+2 1
fe=(38)
+7 1
fi=(18)
-8 4
fe=(38)
+22 1
fi=(18)
-20 3
+4 1
fe=(38)
+2 1
fi=(18)
-2 2
+3 4
+1 4
+5 1
fe=(38)
-7 1
fi=(18)
+7 3
fe=(38)
-2 1
fi=(18)
+5 2
+3 5
+2 4
+1 2
+1 2
+3 1
fe=(38)
-10 1
fi=(18)
+10 3
fe=(38)

fl=(48)
fn=(152)
32 6
+1 3
+1 2
+5 6
+1 4
+1 4
+1 4
+2 1
+3 3
+1 2
-1 6
+1 4
+3 4
+1 4
+1 4
+1 4
+2 4
+6 1
-1 1
+1 1
+2 2
-1 2
+2 1
+2 6
-5 11
-1 11
+1 11
+2 22
-1 22
+2 11
+2 66
+2 1
+1 3
+1 2
-1 1
+1 1

fl=(54) /usr/src/debug/glibc/glibc/io/../sysdeps/unix/sysv/linux/read_nocancel.c
fn=(178) __read_nocancel
25 5
+1 20
+1 5

fl=(42)
fn=(126)
59 1
+12 1
+1 1
+22 1
+1 1
+45 1
+1 1
+2 1
+1 1
+2 1
+1 1
+2 1
+1 1
+47 1
+1 1
+1 1
+1 1
+1 1
+1 1

fl=(39)
fn=(124) _dl_hwcaps_contains
66 6
+1 12
+1 6
+9 6

fn=(118)
25 75
+1 45
+4 36
+4 60
+1 12
-1 24
+2 24
+5 27
cfi=(41)
cfn=(122)
calls=9 -9 
* 216
+4 18
-3 18
+1 9
+3 9
+1 42
-20 6
+20 18
-4 6
cfi=(22)
cfn=(62)
calls=3 +14 
* 51
* 6

fn=(116)
51 66
+3 22
cfn=(118)
calls=11 -29 
* 500
* 6
cfn=(118)
calls=3 -29 
* 189
* 28
+2 9
+1 27
+1 42
cfn=(124)
calls=6 +8 
* 30
* 12
+4 33

fl=(64)
fn=(496)
509 2
+1 8
-1 2
+3 2
-3 2
+3 2
cfi=(137)
cfn=(498)
calls=2 117 
* 12
+7 2
-6 2
+4 2
+2 2

fn=(210) _dl_load_cache_lookup
387 24
+2 8
+3 12
+69 6
+5 12
+3 20
cfn=(216) search_cache
calls=4 199 
* 6268
* 4
+15 8
+4 8
+8 8
cfi=(22)
cfn=(62)
calls=4 57 
* 140
+1 4
-1 4
+1 48
+1 8
-1 4
+1 4
cfi=(29)
cfn=(82)
calls=4 210 
* 44
* 4
+1 4
cfi=(52)
cfn=(172)
calls=4 40 
* 395
+1 12
395 10
cfi=(51)
cfn=(212)
calls=2 36 
* 206
* 2
+8 12
+1 12
+93 8
-93 4
+3 8
+1 2
-1 4
fi=(65) /usr/src/debug/glibc/glibc/elf/../sysdeps/generic/dl-cache.h
194 2
+1 10
fe=(64)
415 2
+1 4

fn=(218) _dl_cache_libcmp
341 49
+1 204
+4 329
-2 329
+2 329
-2 658
+20 612
+2 612
-24 268
+28 268
+1 268
-29 536
+32 21
-28 46
+8 22
-2 44
+1 44
+1 44
-2 22
+2 22
+2 66
-3 22
+3 31
+1 9
-1 12
+2 44
+9 82
-5 2

fn=(216)
199 44
+8 8
+3 20
-10 8
333 23
207 46
+2 210
+1 42
-23 84
+23 42
+4 84
+4 168
cfn=(218)
calls=42 341 
* 3936
+1 84
330 38
+1 15
207 30
+8 52
+14 14
+3 14
+2 28
cfn=(218)
calls=7 341 
* 1059
* 14
+2 3
-9 26
+9 12
+37 4
-37 8
+37 20
-27 8
+10 12
+1 16
+7 8
+9 4
fi=(65)
125 4
fe=(64)
273 16
+9 8
+5 8
+27 12
+23 36

fl=(63)
fn=(204)
143 10
+1 4
-1 2
+1 2
-1 4
+1 2
-1 2
+1 2
-1 8
+1 6
-1 2
+1 14
-8 2
+8 4
-8 2
-6 2
-2 2
+8 2
+8 2
-15 2
+1 2
+6 2
+24 6
-28 4
-2 1
+31 1
-33 2
+2 2
+30 2
-30 1
-1 4
+7 4
+24 3
+28 3
-6 1
+50 1
-68 1
fi=(69) /usr/src/debug/glibc/glibc/elf/../include/scratch_buffer.h
-87 2
fe=(63)
+87 1
fi=(69)
-86 1
fe=(63)
184 1
+48 3
-35 1
-4 1
+4 2
-15 1
+50 1
-68 1
fi=(69)
-87 2
fe=(63)
+87 1
fi=(69)
-86 1
fe=(63)
184 1
+48 3
-35 1
-4 1
+4 9
-4 7
+4 14
+11 24
-18 3
+18 6
417 18
+2 4
+3 8
-3 8
+3 4
-3 4
+3 4
fi=(28)
56 4
cfi=(27)
cfn=(78)
calls=4 -20 
* 120
fe=(63)
423 16
fi=(28)
56 4
fe=(63)
423 4
+7 20
-1 4
+1 4
cfi=(29)
cfn=(82)
calls=4 210 
* 44
+1 24
cfi=(29)
cfn=(82)
calls=4 210 
* 44
+3 4
+1 8
+4 27
188 14
442 21
-1 9
+1 18
183 10
+27 30
+5 6
+6 6
-5 6
-1 6
+2 12
+1 12
+3 18
+7 6
-9 6
+9 6
-38 12
+38 6
-38 12
+32 320
+6 36
cfi=(30)
cfn=(170) _dl_dst_count
calls=9 -1 
* 519
* 27
+4 18
-2 9
+2 18
cfi=(49)
cfn=(159)
calls=3 -24 
* 2460
cfi=(49)
cfn=(158)
calls=6 -24 
* 17426
+1 18
+9 9
+2 18
+5 30
+6 6
+2 6
-8 12
+3 6
+1 6
+1 6
+1 6
+4 6
-3 6
+3 18
+4 27
+1 12
-43 664
+7 18
+38 453
fi=(69)
85 6
fe=(63)
448 10
+1 1
+3 8
+11 10
fi=(28)
56 2
cob=(2)
cfi=(171)
cfn=(580)
calls=1 3294 
* 45
cfi=(27)
cfn=(78)
calls=1 -20 
* 30
fe=(63)
465 6
fi=(28)
56 2
fe=(63)
465 2
+5 4
+2 4
-2 2
+1 2
-1 2
+4 2
-4 2
+4 9
+4 27
+6 9
+1 18
-1 9
+6 9
-16 27
+21 6
+37 4
+15 2
-11 2
+11 2
-14 4
+20 2
-1 8
+1 8
-1 10
cfi=(13) /usr/src/debug/glibc/glibc/elf/dl-sort-maps.c
cfn=(230) _dl_sort_maps
calls=2 298 
* 634
+5 2
+2 2
+1 2
+1 4
-2 2
+2 2
+7 6
+3 4
+3 16
198 56
+3 4
fi=(69)
-70 12
cfi=(68) /usr/src/debug/glibc/glibc/malloc/scratch_buffer_set_array_size.c
cfn=(226) __libc_scratch_buffer_set_array_size
calls=4 30 
* 100
fe=(63)
+70 12
+4 8
412 2
547 6
cfi=(29)
cfn=(82)
calls=2 210 
* 30
* 6
144 4
+16 2
-28 2

fn=(206)
61 54
+7 9
-4 27
+1 9
-1 63
cfi=(30)
cfn=(164)
calls=9 1903 
* 19085
* 9
+5 27

fl=(43) /usr/src/debug/glibc/glibc/string/../sysdeps/x86_64/multiarch/../multiarch/memset-vec-unaligned-erms.S
fn=(138) memset
137 13
+1 65
+5 13
+1 13
+3 11
+1 11
+88 11
+1 11
+12 11
+3 11
+1 11
+12 11
+1 11
+13 11
+1 11
+2 11
+3 4
+3 8
+3 4
+1 4
+1 4
+1 4
+1 4
+1 4
+1 4
-6 80
+1 80
+1 80
+1 80
+1 80
+1 80
+1 80
+3 11
+1 11
+1 11
+1 11
+5 11
+46 2
+2 2
+1 2
+39 2
+1 2
+2 2

fl=(58)
fn=(188)
47 26
+3 52
-3 156
+6 52
+5 156
+2 104
-7 55

fl=(146)
fn=(478)
27 1
+2 2
-2 1
+6 3
-6 3
+6 1
-6 2
+6 1
cfi=(145) /usr/src/debug/glibc/glibc/elf/dl-lookup-direct.c
cfn=(472) _dl_lookup_direct
calls=1 +41 
* 241
+4 2
+2 3
+2 1
-1 1
-1 1
+2 2
-1 1
cob=(2)
cfi=(147)
cfn=(480)
calls=1 -7 
* 334

fl=(145)
fn=(474) check_match
31 33
+1 15
+1 9
+2 6
+1 6
+12 9
+3 6
+2 9
cfi=(32)
cfn=(96)
calls=3 +45 
* 201
* 6
+4 6
+1 18
+1 9
cfi=(32)
cfn=(96)
calls=3 +39 
* 198
-19 9
+24 27

fn=(472)
74 33
+1 3
-1 3
+4 3
-4 3
+2 6
+2 9
+37 3
-37 9
+1 6
+2 9
+3 25
+2 3
+1 12
-1 6
+1 3
cfn=(474)
calls=3 -56 
* 567
* 3
+3 6
+3 6
+23 27

fl=(27)
fn=(74)
80 12
+4 12
-4 48
+7 12
+1 36
fi=(28)
-32 12
cfi=(27)
cfn=(78)
calls=12 -20 
* 467
fe=(27)

fn=(78)
36 248
+1 93
+11 90
+3 30
-3 30
+3 60
-3 2
+3 1
-3 1
+3 118
+19 31
+1 31
+2 186
-17 8
+1 4
+2 2
+1 14
cfi=(58)
cfn=(188)
calls=2 -13 
* 52
* 2
+2 4
+2 8
cfi=(66)
cfn=(220)
calls=2 -31 
* 56
+1 6
+2 2
+4 2
-4 4
-24 1
-1 1
+1 1
+1 2
-2 2

fl=(41)
fn=(122)
32 25
+1 25
+1 25
+1 25
+1 25
+1 25
+1 25
+1 25
+1 25
+1 25
+1 25
+1 25
+1 25
+1 25
+1 25
+1 25
+1 25
+1 25
+1 19
+4 19
+1 19
+1 19
+1 19
+2 19
+4 6
+1 6
+1 6
+1 6
+1 6
+1 6
+1 6
+1 6
+1 6
+1 6
+1 6
+1 6
+1 6
+1 6
+1 6
+1 6
+1 6
+1 6
+1 6
+1 6
+1 6
+1 6
+1 6
+1 6
+52 6
+4 6
+1 6
+1 6
+1 6
+2 6

fl=(16)
fn=(36)
751 1
+17 1
-17 7
+3 1
+1 1
+1 1
+3 1
+9 2
+3 6
+6 6
cfn=(38) get_common_indices.constprop.0
calls=1 467 
* 74
445 3
+1 2
+1 6
+5 2
782 1
cfn=(42) update_active.constprop.0
calls=1 87 
* 211
fi=(20)
988 1
fe=(16)
784 1
+2 1
1111 1
fi=(20)
988 1
-49 1
fe=(16)
784 2
954 2
+7 2
+2 2
+4 2
+6 2
fi=(20)
-34 2
fe=(16)
775 1
fi=(20)
939 5
fe=(16)
772 1
1097 3
+1 2
+3 2
+1 2
+6 1
+1 1
+1 1
+1 1
fi=(20)
792 1
+1 1
+1 1
+14 2
+85 1
+5 1
+11 1
-10 1
+5 1
+5 1
-16 1
+1 1
+15 1
-10 1
+4 1
-9 1
+1 1
+5 1
-5 1
+1 1
+5 1
-5 1
+1 1
+5 1
-5 1
+6 1
+37 2
-17 3
+8 2
+29 6
+9 2
+20 3
+5 2
-1 1
+3 1
-1 2
+15 4
cfi=(11)
cfn=(28)
calls=1 438 
* 23
* 1
+5 2
-3 2
+3 2
cfi=(11)
cfn=(28)
calls=1 438 
* 23
* 1
+2 2
+3 4
cfi=(11)
cfn=(28)
calls=1 438 
* 23
* 1
+1 5
+26 2
-22 4
cfi=(11)
cfn=(28)
calls=1 438 
* 23
* 1
+1 5
+24 2
-20 5
cfi=(11)
cfn=(28)
calls=1 438 
* 23
* 1
+7 1
-5 1
+5 1
-5 2
+5 2
cfi=(11)
cfn=(28)
calls=1 438 
* 23
* 1
+2 2
-2 1
+2 1
+6 12
cfi=(11)
cfn=(58)
calls=1 162 
* 45
+1 10
cfi=(11)
cfn=(58)
calls=1 162 
* 45
+1 11
cfi=(11)
cfn=(58)
calls=1 162 
* 45
+3 10
cfi=(11)
cfn=(58)
calls=1 162 
* 45
+3 9
+14 1
-14 2
cfi=(11)
cfn=(58)
calls=1 162 
* 45
+2 10
cfi=(11)
cfn=(58)
calls=1 162 
* 45
+9 1
fe=(16)
+51 2
fi=(20)
-49 1
+1 1
fe=(16)
+48 1
fi=(20)
-51 1
+4 1
-3 1
+1 1
-3 1
+2 1
+4 1
-1 1
fe=(16)
+47 1
cfi=(11)
cfn=(28)
calls=1 438 
* 22
+3 4
cfi=(11)
cfn=(28)
calls=1 438 
* 24
+6 1
+4 1
-4 2
+54 1
-1 1
+1 1
+45 4
cfi=(11)
cfn=(28)
calls=1 438 
* 22
+2 4
cfi=(11)
cfn=(28)
calls=1 438 
* 22
+4 4
+3 6
+3 1
+35 3
-32 1
+32 1
cfi=(11)
cfn=(28)
calls=1 438 
* 24
+7 8
fi=(20)
975 3
+3 2
+25 3
fe=(16)
1137 1
+1 1
-1 1
+1 2
+44 3
+27 2
-10 2
+1 3
+2 3
+1 2
+2 1
+1 1
-1 3
fi=(20)
997 2
810 4
cfn=(50)
calls=1 255 
* 466
+1 1
-1 1
+1 1
cfn=(50)
calls=1 255 
* 533
+4 1
-4 2
+1 1
+3 1
cfn=(50)
calls=1 255 
* 483
+2 1
-2 1
+2 1
cfn=(50)
calls=1 255 
* 475
+3 1
-3 1
+1 2
+2 1
cfn=(50)
calls=1 255 
* 457
+2 1
-2 1
+2 1
cfn=(50)
calls=1 255 
* 458
+2 1
-2 1
+2 1
cfn=(50)
calls=1 255 
* 508
+2 1
-2 1
+2 1
cfn=(50)
calls=1 255 
* 499
+2 1
-2 1
+2 1
cfn=(50)
calls=1 255 
* 500
+3 1
-3 1
+3 1
cfn=(50)
calls=1 255 
* 524
+2 1
-2 1
+2 1
cfn=(50)
calls=1 255 
* 525
+2 1
-2 1
+2 1
cfn=(50)
calls=1 255 
* 526
+2 4
-2 1
+2 2
cfn=(56)
calls=1 571 
* 238
+93 1
-6 3
+6 1
-6 2
+6 2
-6 2
+6 3
-1 2
fe=(16)
453 6
+5 2
+1 7
786 8
+4 7
fi=(20)
906 1
fe=(16)
+40 1
-78 1
-25 3
+99 2
+3 3
-95 2
+58 2

fn=(38)
467 3
+4 4
+3 3
+5 2
-5 1
+5 1
-5 1
+4 1
+1 1
+1 4
+1 4
+1 3
+1 2
+7 2
+2 5
+5 1
-5 1
+5 1
-5 1
+5 1
-5 2
+5 1
+7 1
-7 4
+7 1
+1 3
+6 1
-6 4
+6 1
fi=(17) /usr/src/debug/glibc/glibc/elf/../sysdeps/unix/sysv/linux/x86/dl-minsigstacksize.h
24 2
+3 2
+1 2
+37 3
+7 1
+2 1
fe=(16)
526 3

fn=(42)
87 8
+4 1
+28 1
+9 1
-27 1
-1 1
-1 1
+25 1
-14 1
-10 1
-1 2
+25 1
-24 1
+1 1
+17 1
-9 1
+15 1
+3 1
-18 1
+9 1
+9 2
-9 1
-9 1
+18 2
+4 3
-7 1
+7 2
+1 1
+12 1
-8 1
-4 1
+7 1
-3 4
+1 1
+6 1
-4 1
+6 1
-2 1
-6 2
+1 1
+7 2
+3 1
-5 1
-5 1
+10 1
-10 1
+6 2
+4 1
-4 1
+4 2
-5 1
+1 1
+4 1
+14 2
-2 1
+6 5
+1 3
+2 3
+91 1
-1 2
+17 4
+16 2
+4 1
+1 1
+3 4
+4 2
fi=(18)
31 1
fe=(16)
425 2
+4 3
fi=(19) /usr/src/debug/glibc/glibc/elf/../sysdeps/unix/sysv/linux/x86/dl-hwcap2.h
25 2
fi=(18)
+5 1
-2 1
+2 3
fe=(16)
438 1
+1 8
308 3
+1 2
+5 1
-1 1
+9 1
-5 1
+2 1
-2 1
+5 1
fi=(18)
32 3
+4 3
fe=(16)
173 2
+3 1
+3 2
+14 1
+2 1
+10 1
-30 1
+30 1
-12 1
+12 1
-12 2
+2 4
+6 4
+2 4
+7 4
fi=(18)
39 3
+1 4
-2 1
+7 4
+2 1
+1 2
+3 5
+2 4
+1 2
+1 2
+3 1
-1 1
+1 3
fe=(16)
186 1
-5 2
+4 1

fl=(29)
fn=(134)
197 14
+1 14
+1 14
+1 14
+17 14
+1 14
+2 12
+1 12
+1 12
+2 11
+1 11
+1 11
+2 11
+80 2
+1 2
+55 2
+1 2
+1 2
+1 2
+1 2
+7 1
+1 1
+1 1
+1 1
+1 1
+1 1
+1 1
+11 1
+1 1
+2 1
+1 1
+1 1

fn=(82)
210 34
+1 34
+6 34
+1 34
+2 24
+1 24
+1 24
+2 18
+1 18
+1 18
+2 18
+80 10
+1 10
+2 2
+4 2
+1 1
+1 1
+1 1
+1 1
+4 1
+2 1
+6 1
+1 1
+1 1
+1 1
+1 1
+29 8
+1 8
+1 8
+1 8
+1 8
+7 6
+1 6
+1 6
+1 6
+1 6
+1 6
+1 6
+11 6
+1 6
+2 6
+1 6
+1 6

fl=(14) /usr/src/debug/glibc/glibc/elf/../sysdeps/unix/sysv/linux/brk.c
fn=(30) brk
36 1
fi=(356) /usr/src/debug/glibc/glibc/elf/../sysdeps/unix/sysv/linux/brk_call.h
-12 2
fe=(14)
+13 1
+1 2
+6 1
+1 1

fl=(141)
fn=(456)
95 14
+1 14
+1 7
+6 35
+1 200
+1 138
+2 21
+5 7

fl=(9)
fn=(492)
148 1
+1 1

fn=(16)
103 5
+4 1
-4 1
+1 1
+3 1
cfn=(18) _dl_sysdep_parse_arguments
calls=1 -28 
* 597
+4 2
cfi=(11)
cfn=(22)
calls=1 294 
* 30834
+3 1
cfi=(13)
cfn=(26) _dl_sort_maps_init
calls=1 289 
* 38
+2 2
cfi=(14)
cfn=(30)
calls=1 -80 
* 8
fi=(6)
+93 1
cfi=(15)
cfn=(34)
calls=1 37 
* 7459
fe=(9)
-86 3
+1 1
cfi=(22)
cfn=(62)
calls=1 -67 
* 17
* 1
+2 2
cfi=(23)
cfn=(64)
calls=1 -89 
* 16
* 3
+12 3
+3 5
cfi=(2)
cfn=(66)
calls=1 1348 
* 367739
+3 4

fn=(18)
79 1
+2 1
-2 8
+1 1
+1 1
-1 1
+2 2
+2 1
-2 1
+2 1
-1 100
+1 200
+7 56
fi=(10) /usr/src/debug/glibc/glibc/elf/../sysdeps/unix/sysv/linux/dl-parse_auxv.h
-50 1
fe=(9)
+46 1
fi=(10)
-55 1
fe=(9)
+55 1
fi=(10)
-55 1
+1 1
+1 1
+7 3
+1 44
+1 44
-2 89
fe=(9)
+53 1
+1 1
+1 1
fi=(10)
-50 1
+1 2
+1 1
+1 1
+1 1
+1 1
+1 1
+1 1
+1 1
+2 1
-7 1
+1 1
+1 1
-4 1
+1 1
+4 1
+1 1
+3 1
-11 1
+1 1
+8 1
fe=(9)
+41 1
-1 1
+2 1
+1 8

fl=(13)
fn=(230)
298 36
+8 3
-8 3
+8 6
+4 24
-99 3
-28 3
-2 3
+1 6
+29 3
-28 12
+1 3
-1 3
+1 3
-1 6
+1 13
-1 13
+1 13
-1 26
+28 42
+8 3
-3 3
+3 6
-3 3
+3 3
-8 3
+8 3
-1 3
+3 48
+2 16
-83 71
cfn=(232) dfs_traversal.part.0
calls=13 -5 
* 642
+86 48
+18 12
+32 12
+7 3
+27 3
-47 12
cfi=(29)
cfn=(82)
calls=3 -53 
* 49
* 3

fn=(232)
135 117
+10 13
-2 13
+2 26
+2 36
-7 46
+7 92
+9 26
+15 39
+1 13
+1 84
cfn=(233) dfs_traversal.part.0'2
calls=2 -38 
* 118
* 4
-17 15

fn=(233)
135 27
+10 3
-2 3
+2 6
+2 8
-7 8
+7 16
+9 6
+15 9
+1 3
+1 21
cfn=(233)
calls=1 -38 
* 28
* 2
-17 6

fn=(26)
289 2
+1 2
-1 2
+1 2
cfi=(11)
cfn=(28)
calls=1 438 
* 24
+2 3
-1 1
+2 2

fl=(67) /usr/src/debug/glibc/glibc/io/../sysdeps/unix/sysv/linux/pread64_nocancel.c
fn=(222) __pread64_nocancel
25 4
+1 8
+1 2

fl=(187) /usr/src/debug/glibc/glibc/elf/../sysdeps/x86_64/dl-trampoline.h
fn=(664) _dl_runtime_resolve_xsave
39 46
+5 46
+3 46
+2 46
+10 46
+6 46
+1 46
+1 46
+1 46
+1 46
+1 46
+1 46
+4 46
+1 46
+3 46
+1 46
+2 46
+1 46
+1 46
+1 46
+1 46
+1 46
+2 46
+7 46
+1 46
+1 46
cfi=(188)
cfn=(666)
calls=46 -52 
* 31597
+1 46
+5 46
+1 46
+1 46
+2 46
+1 46
+1 46
+1 46
+1 46
+1 46
+1 46
+2 46
+2 46
+4 46
+2 46

fl=(330)
fn=(1518)
26 5
+17 1
-17 6
+20 13
+3 2
cob=(2)
cfi=(263)
cfn=(1118)
calls=1 +28 
* 44
+2 1
+3 2
+2 5
+7 3
-2 1
+2 1
cfi=(47)
cfn=(494)
calls=1 -22 
* 9
+5 15
+5 1
-5 1
+5 3
+2 14
+2 14
+2 14
+1 7
+1 7
+4 7
-12 21
+14 6
+1 4
+6 6
cfi=(13)
cfn=(230)
calls=1 298 
* 536
+9 2
cob=(2)
cfi=(264)
cfn=(1120)
calls=1 367 
* 43
+5 13
+14 7
-14 14
+2 7
+2 14
+2 28
cfi=(331)
cfn=(1520)
calls=7 -90 
* 788
+3 14
cfi=(47)
cfn=(1544)
calls=7 -20 
* 35
* 21
+9 3
cfi=(47)
cfn=(494)
calls=1 -85 
* 9
* 2
+6 4
+2 1
-2 2
+6 2
+7 8
-77 2

fl=(62)
fn=(202)
25 1
+2 7
+4 1

fl=(56)
fn=(184)
30 7
+9 28
+33 7

fl=(30)
fn=(170)
227 20
+3 10
-3 50
+7 10
-7 20
+3 10
cfi=(41)
cfn=(122)
calls=10 32 
* 360
+3 20
+20 90

fn=(208) cache_rpath
670 28
+1 42
+4 4
-1 8
+3 16
+3 4
-8 4
+16 8
-16 10
+16 20

fn=(164)
1903 132
+8 22
+1 33
+3 236
+5 336
+2 144
cfi=(51)
cfn=(166)
calls=48 68 
* 4704
* 96
+4 84
+1 126
+4 22
-1 110
+1 22
+1 22
-1 22
+1 44
cfi=(32)
cfn=(96)
calls=22 98 
* 705
* 44
2192 99
1947 15
-1 10
+9 5
-50 5
+50 10
+17 10
-2 5
+2 5
cfi=(41)
cfn=(122)
calls=5 32 
* 144
* 10
2124 2
-1 3
cfn=(168) expand_dynamic_string_token
calls=1 374 
* 197
+6 1
-7 1
+1 1
+2 2
+4 8
cfn=(174) open_verify.constprop.0
calls=1 1527 
* 108
+3 2
-3 1
+3 1
+12 5
+45 1
+1 4
-1 1
+1 9
cfn=(180) _dl_map_object_from_fd
calls=1 933 
* 1874
-1 4
+1 16
-1 4
+1 36
cfn=(180)
calls=4 933 
* 56052
* 15
1976 8
cfi=(22)
cfn=(62)
calls=4 57 
* 86
* 8
+2 8
+7 16
2144 20
2042 8
+1 28
cfn=(208)
calls=4 670 
* 48
* 8
+8 8
+2 12
+4 8
cfi=(64)
cfn=(210)
calls=4 387 
* 7335
* 4
+2 8
+4 8
+31 4
-23 8
+23 32
cfn=(174)
calls=4 1527 
* 463
* 4
+4 8
+18 4
-17 4
+17 8
2011 32
cfn=(208)
calls=4 670 
* 32
* 20
+9 8
+15 8
-46 4
+5 4
-4 4
+7 8
-3 4
+3 32
-3 18
+1 36
cfn=(208)
calls=6 670 
* 64
* 12
+9 20
+5 8
+1 28

fn=(168)
374 6
+10 1
-10 4
+10 1
cfn=(170)
calls=1 227 
* 71
+3 2
+12 1
-11 1
+11 6
-11 1
cfi=(52)
cfn=(172)
calls=1 40 
* 103

fn=(174)
1527 50
+32 5
-32 10
+32 10
+19 20
cfi=(53)
cfn=(176)
calls=5 28 
* 100
* 5
+2 10
+8 5
+1 10
+5 5
-5 5
+5 30
cfi=(54)
cfn=(178)
calls=5 25 
* 30
+4 5
-2 10
+2 10
+2 10
+6 10
+17 65
+62 10
+5 10
+6 20
+6 10
+6 5
+1 5
-1 15
+1 15
+26 45
-22 13
+1 2
-1 1
+1 1
cfi=(67)
cfn=(222)
calls=1 25 
* 7
* 2
-91 3
+90 2

fn=(180)
933 50
+15 5
-15 10
+15 5
-15 10
+15 10
+77 20
+10 10
+7 35
cfi=(26)
cfn=(72)
calls=5 59 
* 49123
* 5
+1 10
+11 5
+5 5
-4 5
-1 5
+2 5
+2 5
-2 5
+2 10
+1 15
+1 8
+19 8
-2 4
+2 42
-2 1
+2 55
+10 5
-10 5
+10 15
+27 5
-33 5
-3 5
+2 5
-1 5
+35 5
+9 5
-50 5
+41 5
+9 5
-36 5
+63 25
-62 200
+26 140
+8 40
+1 20
-1 20
+1 80
+1 20
-1 20
+1 20
+2 20
-2 20
+2 20
+2 20
-4 20
+1 20
+3 20
-4 20
+4 100
+2 40
+13 85
+6 15
+1 135
-28 30
-35 45
+62 5
+1 45
-28 10
-35 117
+1 304
1202 5
1089 5
1202 10
1089 15
1207 35
+10 25
+1 5
-1 5
+1 5
-1 15
+1 15
-1 15
+1 15
-1 45
1055 10
1224 10
+10 20
+7 20
fi=(57) /usr/src/debug/glibc/glibc/elf/./dl-map-segments.h
28 5
fe=(30)
1241 15
fi=(57)
28 10
+1 40
cfi=(58)
cfn=(188)
calls=5 +18 
* 140
+73 10
-1 5
-72 5
+73 5
+3 10
+1 5
+2 5
-3 5
+1 5
+2 5
+17 5
-44 5
fi=(59) /usr/src/debug/glibc/glibc/elf/./dl-load.h
+10 40
fi=(57)
+58 80
+6 5
+2 5
-2 5
+3 5
-2 5
+2 5
-1 10
+3 15
+5 10
+3 15
+8 35
cfi=(43)
cfn=(138)
calls=5 -39 
* 714
* 10
+6 10
+12 20
-59 120
+2 60
+2 105
cfi=(58)
cfn=(188)
calls=15 -92 
* 315
* 30
fi=(55) /usr/src/debug/glibc/glibc/elf/../sysdeps/posix/dl-fileid.h
37 15
cfi=(56)
cfn=(184)
calls=5 -7 
* 30
* 10
fe=(30)
978 5
fi=(55)
40 5
fe=(30)
978 20
fi=(55)
40 5
fe=(30)
978 85
+1 40
fi=(55)
49 60
fe=(30)
1474 45
1063 13
+1 2
-1 1
+1 1
-1 1
+1 1
cfi=(67)
cfn=(222)
calls=1 25 
* 7
* 2
+46 2
+1 1
-15 10
+7 5
+2 5
-2 5
+1 5
+1 5
-1 10
+1 40
+60 6
+5 2
-1 4
+5 2
-5 4
-66 2
+71 8
+1 2
+3 2
-3 2
+8 8
+1 2
+14 10
+1 5
997 10
1257 20
+1 15
fi=(60) /usr/src/debug/glibc/glibc/elf/get-dynamic-info.h
39 10
+6 5
-2 5
+11 5
+1 5
-10 10
+8 3
+15 3
-23 12
+23 121
-23 484
+4 248
+3 29
-1 58
+3 104
+1 84
fi=(59)
+37 16
+2 4
-1 8
+1 4
-1 4
+1 4
-1 4
+1 4
-1 8
+3 16
fi=(60)
-24 10
+43 2
+7 2
+1 15
+6 15
+1 15
+17 15
+5 10
+2 10
+2 10
+2 10
+1 5
+3 15
+2 15
+1 10
+1 1
+8 10
+6 10
+1 10
+3 10
fe=(30)
1264 10
+1 10
+2 25
+10 15
+19 10
+2 30
+18 15
+1 4
+6 40
+1 98
+6 20
cfn=(90)
calls=5 857 
* 425
-7 118
+1 59
+6 59
-6 118
fi=(31)
149 20
fi=(60)
-93 25
+3 20
+13 10
+12 15
+1 16
+1 20
+1 20
+1 20
+1 16
+1 19
+1 20
+12 5
+7 5
-7 35
+7 14
fe=(30)
1063 2
1335 10
cfi=(61)
cfn=(196)
calls=5 25 
* 30
* 10
+13 10
+2 20
+2 10
+16 10
cfi=(8)
cfn=(14)
calls=5 25 
* 135
+4 10
+1 10
+17 10
+1 1
+3 1
+5 1
-5 1
+5 1
-5 4
+5 4
-5 4
+5 4
+5 10
+12 40
+10 10
+1 8
+5 4
cfi=(45)
cfn=(224) _dl_assign_tls_modid
calls=2 150 
* 22
+7 15
cfi=(26)
cfn=(86)
calls=5 31 
* 376
+3 10
+4 10
cfi=(44)
cfn=(198)
calls=5 38 
* 35
* 5
+1 15
+6 2
+7 1
+1 1
cfi=(44)
cfn=(146)
calls=1 116 
* 2
+1 1
+7 35
+1 15
cfi=(47)
cfn=(200)
calls=5 77 
* 25
* 5
fi=(57)
186 16
cfi=(58)
cfn=(188)
calls=2 47 
* 42
+3 4
fe=(30)
1417 9
+2 2
-1 10
+1 2
-1 2
+1 2
-1 2
cfi=(32)
cfn=(96)
calls=2 98 
* 93
* 4
+2 5
+45 8
fi=(60)
62 20
+2 20
fe=(30)
1454 3
cfi=(47)
cfn=(494)
calls=1 41 
* 9
* 1
-24 2

fn=(108)
695 7
+14 1
-14 3
+14 1
-14 1
+14 1
cfi=(37)
cfn=(110)
calls=1 172 
* 1447
fi=(28)
56 1
fe=(30)
709 1
fi=(28)
56 1
cfi=(27)
cfn=(78)
calls=1 -20 
* 30
fe=(30)
714 1
+2 3
+8 2
+4 5
fi=(28)
56 1
cfi=(27)
cfn=(78)
calls=1 -20 
* 30
fe=(30)
728 1
+2 4
+17 1
+9 1
-19 1
-1 1
+9 1
+2 1
+3 1
-2 1
+2 1
+1 1
+5 2
+1 4
cfi=(43)
cfn=(138)
calls=1 137 
* 14
+2 1
+12 1
+3 1
-8 1
-1 1
+9 2
+2 4
+2 3
+36 2
+31 1
+1 7
-49 1
-2 1
+2 2
+14 2

fn=(90)
857 6
+8 6
-8 6
+8 6
-6 6
+12 12
-13 6
+13 6
-13 6
+13 12
+3 18
+1 12
+1 12
+3 18
+1 18
+4 6
+1 12
fi=(31)
97 8
258 12
fe=(30)
903 8
+4 15
+2 20
-20 22
+1 11
+3 22
+3 11
+1 44
fi=(31)
95 44
+7 14
+16 7
-3 14
252 4
fe=(30)
919 4
fi=(31)
257 2
-4 2
+4 6
+3 2
-6 10
+1 5
+2 20
+3 5
fe=(30)

fl=(45)
fn=(248)
241 9
+6 4
+3 3
+36 4
+2 1
-2 1
-2 1
-40 1
-1 1
-1 1
+46 2
+23 3
+3 1
-3 5
+2 2
+6 1
-33 2
+20 1
-20 5
+2 2
+3 1
-1 1
+5 2
-5 1
+1 1
-1 1
+3 2
+2 3
+32 2
-1 1
+53 1
-52 5
+2 2
+51 8

fn=(446)
1099 24
+9 3
-9 3
+6 3
+4 3
+4 9
+36 6
+7 6
-4 4
+1 6
+3 12

fn=(452)
558 77
+1 14
+4 7
+6 7
-6 7
+6 7
cob=(2)
cfi=(263)
cfn=(1118)
calls=6 77 
* 264
cfi=(24)
cfn=(88)
calls=1 42 
* 3
+3 21
-6 7
+18 7
-19 7
+43 14
-19 84
+9 21
+1 14
+6 21
+3 7
-2 7
+2 7
-2 7
+2 28
+4 7
-4 7
+4 7
-1 14
+4 14
+1 28
+2 14
+1 14
+17 7
-8 7
+8 14
+2 21
cfi=(29)
cfn=(134)
calls=7 197 
* 91
* 35
cfi=(43)
cfn=(138)
calls=7 137 
* 175
+6 7
-55 28
+6 28
+55 14
cob=(2)
cfi=(264)
cfn=(1120)
calls=6 367 
* 258
cfi=(24)
cfn=(88)
calls=1 42 
* 3
+3 14
+3 63

fn=(1116)
661 18
+1 12
+2 6
cfn=(252) allocate_dtv
calls=6 385 
* 748811
-2 6
+3 6
-1 6
-2 6
cfn=(452)
calls=6 558 
* 1362

fn=(1512)
671 18
+1 2
+3 10
+1 6
fi=(28)
50 4
cob=(2)
cfi=(171)
cfn=(862)
calls=2 3359 
* 8
fe=(45)
676 84
fi=(28)
50 56
cob=(2)
cfi=(171)
cfn=(862)
calls=28 3359 
* 112
fe=(45)
675 60
+4 4
+1 2
fi=(28)
50 2
cob=(2)
cfi=(171)
cfn=(862)
calls=2 3359 
* 387
fe=(45)
682 4
+2 12

fn=(250)
442 7
+2 1
+11 1
88 1
459 1
fi=(28)
56 1
cfi=(27)
cfn=(78)
calls=1 -20 
* 85
fe=(45)
460 2
+11 5
+5 1
-5 1
+1 1
+4 304
+19 1
+2 2
cfn=(252)
calls=1 385 
* 61
+1 2
94 1
503 6

fn=(224)
150 2
+3 4
-3 4
+3 2
+53 2
+2 2
+3 2
+1 4

fn=(252)
385 7
fi=(28)
44 7
fe=(45)
385 28
+5 7
+4 7
+1 7
fi=(28)
44 7
cob=(2)
cfi=(171)
cfn=(618)
calls=6 3699 
* 748691
cfi=(27)
cfn=(74)
calls=1 +36 
* 41
fe=(45)
396 14
+3 7
+6 21
+6 28

fn=(246)
122 2
+3 1
-3 3
+3 1
-3 1
+3 1
-3 1
+3 1
-3 1
+3 1
cfi=(11)
cfn=(28)
calls=1 438 
* 23
* 1
+1 4
cfi=(11)
cfn=(28)
calls=1 438 
* 23
+1 1
+2 1
-3 1
+1 2
+2 3
+3 1
+2 1
-26 3
+28 3
+1 6

fn=(254)
1081 1
+1 1
+2 4
+6 2
-6 3
+2 6
+1 4
+6 1
+1 1

fn=(142)
217 1
+2 2
+1 1
+15 2

fl=(68)
fn=(226)
30 52
+4 4
+1 8
+10 8
+18 4
-17 4
+17 20

fl=(70)
fn=(238)
392 7
+4 5
-2 2
+4 36
cfn=(240)
calls=6 155 
* 12300
-2 6
+1 6
-1 12
+5 7

fn=(240)
155 70
+15 21
+2 35
+2 7
+1 7
+2 14
+3 10
-16 10
+20 5
-4 5
-24 5
+28 40
+16 10
36 5
200 5
36 35
200 2
36 1
200 1
36 7
+1 22
-1 44
+2 84
cfi=(51)
cfn=(166)
calls=28 +30 
* 2673
* 62
208 18
+5 6
fi=(357) /usr/src/debug/glibc/glibc/elf/../sysdeps/generic/_itoa.h
76 18
fe=(70)
213 12
+4 12
+1 12
-1 12
+4 6
-3 6
+3 6
-3 18
-1 72
+1 72
-1 72
+4 36
-3 36
+3 36
-3 133
56 168
+8 126
+6 126
+16 42
+1 84
+2 42
+5 294
+14 1342
+12 1887
+4 629
-30 1258
231 168
+3 126
+5 36
-24 36
110 42
+3 210
cfi=(32)
cfn=(96)
calls=42 -15 
* 1740
* 126
224 126
+1 9
cfi=(32)
cfn=(96)
calls=3 98 
* 203
* 6
+3 18
+15 18
+5 1
-50 1
+59 25
+3 6
+3 21
+3 15
+4 3
-7 12
+3 9
+4 58
-7 232
+3 177
+8 9
+6 12
fi=(28)
44 6
fe=(70)
280 12
fi=(28)
44 6
cob=(2)
cfi=(171)
cfn=(618)
calls=1 3699 
* 286
cfi=(27)
cfn=(74)
calls=5 +36 
* 205
fe=(70)
281 12
-2 6
fi=(28)
44 6
fe=(70)
281 6
+13 6
-3 6
+3 24
+2 12
+3 25
+4 18
+18 36
-15 36
+2 36
-2 36
+2 36
-2 36
+2 72
-2 6
+2 6
-2 6
+2 6
-2 6
+2 12
+2 42
+1 42
-1 126
+1 42
+1 42
-2 42
+2 84
+1 126
+3 126
+8 18
+5 1
-28 1
+33 10
+3 6
+20 61
-14 128
-2 61
+6 61
+1 61
+1 61
-1 183
+1 61
-1 61
+1 61
+1 61
+3 192
+12 6
+1 10
+1 10
+1 8
+19 63
164 2
-8 2
257 5
+77 2
-40 2
-20 9
+96 4
+2 4
+4 2
-4 116
+1 58
+2 1
+1 2
-1 1
+1 1
cfi=(32)
cfn=(242) strncmp
calls=1 98 
* 32
* 2

fl=(32)
fn=(96)
98 1077
+33 1077
+1 1077
+2 1077
+1 1077
+21 1077
+1 1077
+1 719
+1 719
+1 595
+1 595
+1 595
+1 595
+17 595
+1 595
+1 595
+1 595
+1 595
+1 595
+1 595
+5 83
+1 249
+9 83
+1 83
+1 83
+1 83
+1 83
+1 83
+1 83
+1 83
-7 482
+1 482
+1 482
+1 482
+1 482
+1 482
+1 482
+1 482
+1 497
+1 167
+1 167
+1 167
+2 167
+1 167
+1 167
+1 167
+1 167
+1 167
-5 330
+1 330
+1 330
+1 330
+1 330
+1 330
+10 68
+1 68
+1 68
+2 68
+6 68
+1 68
+1 68
+1 68
+1 68
+5 68
+2 60
+1 60
+1 120
+8 60
+1 60
+3 60
+1 60
+1 60
+1 60
+1 60
+1 60
+6 1
+1 1
+1 1
+3 1
+1 1
+1 1
+1 1
+1 1
+1 1
+15 2
+1 2
+1 2
+1 2
+1 2
+2 2
+1 2
+1 2
+1 2
+1 2
+1 2
+1 2
+1 2
+3 2
+1 2
+1 2
+6 2
+1 2
+1 4
+4 2
+1 2
+3 2
+1 2
+1 2
+2 2
+1 2
+1 2
+4 2
+1 2
+1 2
+1 2
+1 2
+1 2
+75 1
+1 1
+1 1
+1 1
+1 1
+2 1
+1 1
+1 1
+1 1
+1 1
+1 1
+1 1
+1 1
+3 1
+1 1
+1 1
+6 1
+1 1
+1 2
+4 1
+1 1
+3 1
+1 1
+1 1
+2 1
+1 1
+1 1
+4 1
+1 1
+1 1
+1 1
+1 1
+1 1
+69 8
+1 8
+1 8
+1 8
+1 8
+2 8
+1 8
+1 8
+1 8
+1 8
+1 8
+1 8
+1 8
+4 8
+1 8
+1 8
+6 8
+1 8
+1 16
+4 8
+1 8
+3 8
+1 8
+1 8
+2 8
+1 8
+1 8
+4 8
+1 8
+1 8
+1 8
+1 8
+1 8
+7 1
+1 1
+2 1
+1 1
+2 1
+1 1
+1 1
+2 1
+1 1
+1 1
+4 1
+1 1
+1 1
+1 1
+1 1
+1 1
+41 11
+1 11
+1 11
+1 11
+1 11
+2 11
+1 11
+1 11
+1 11
+1 11
+1 11
+1 11
+1 9
+4 9
+1 9
+1 9
+6 9
+1 9
+1 18
+4 9
+1 9
+3 9
+1 9
+1 9
+2 9
+1 9
+1 9
+4 9
+1 9
+1 9
+1 9
+1 9
+1 9
+69 16
+1 16
+1 16
+1 16
+1 16
+2 16
+1 16
+1 16
+1 16
+1 16
+1 16
+1 16
+1 16
+4 16
+1 16
+1 16
+6 16
+1 16
+1 32
+4 16
+1 16
+3 16
+1 16
+1 16
+2 16
+1 16
+1 16
+4 16
+1 16
+1 16
+1 16
+1 16
+1 16
+7 1
+1 1
+2 1
+1 1
+2 1
+1 1
+1 1
+2 1
+1 1
+1 1
+4 1
+1 1
+1 1
+1 1
+1 1
+1 1
+41 21
+1 21
+1 21
+1 21
+1 21
+2 21
+1 21
+1 21
+1 21
+1 21
+1 21
+1 21
+1 19
+4 19
+1 19
+1 19
+6 19
+1 19
+1 38
+4 19
+1 19
+3 19
+1 19
+1 19
+2 19
+1 19
+1 19
+4 19
+1 19
+1 19
+1 19
+1 19
+1 19
+69 15
+1 15
+1 15
+1 15
+1 15
+2 15
+1 15
+1 15
+1 15
+1 15
+1 15
+1 15
+1 12
+4 12
+1 12
+1 12
+6 12
+1 12
+1 24
+4 12
+1 12
+3 12
+1 12
+1 12
+2 12
+1 12
+1 12
+4 12
+1 12
+1 12
+1 12
+1 12
+1 12
+7 3
+1 3
+2 3
+1 3
+2 3
+1 3
+1 3
+2 3
+1 3
+1 3
+4 3
+1 3
+1 3
+1 3
+1 3
+1 3
+41 20
+1 20
+1 20
+1 20
+1 20
+2 20
+1 20
+1 20
+1 20
+1 20
+1 20
+1 20
+1 15
+4 15
+1 15
+1 15
+6 15
+1 15
+1 30
+4 15
+1 15
+3 15
+1 15
+1 15
+2 15
+1 15
+1 15
+4 15
+1 15
+1 15
+1 15
+1 15
+1 15
+7 2
+1 2
+2 2
+1 2
+2 2
+1 2
+1 2
+2 2
+1 2
+1 2
+4 2
+1 2
+1 2
+1 2
+1 2
+1 2
+41 34
+1 34
+1 34
+1 34
+1 34
+2 34
+1 34
+1 34
+1 34
+1 34
+1 34
+1 34
+1 20
+4 20
+1 20
+1 20
+6 20
+1 20
+1 40
+4 20
+1 20
+3 20
+1 20
+1 20
+2 20
+1 20
+1 20
+4 20
+1 20
+1 20
+1 20
+1 20
+1 20
+69 21
+1 21
+1 21
+1 21
+1 21
+2 21
+1 21
+1 21
+1 21
+1 21
+1 21
+1 21
+1 16
+4 16
+1 16
+1 16
+6 16
+1 16
+1 32
+4 16
+1 16
+3 16
+1 16
+1 16
+2 16
+1 16
+1 16
+4 16
+1 16
+1 16
+1 16
+1 16
+1 16
+7 2
+1 2
+2 2
+1 2
+2 2
+1 2
+1 2
+2 2
+1 2
+1 2
+4 2
+1 2
+1 2
+1 2
+1 2
+1 2
+41 39
+1 39
+1 39
+1 39
+1 39
+2 39
+1 39
+1 39
+1 39
+1 39
+1 39
+1 39
+1 22
+4 22
+1 22
+1 22
+6 22
+1 22
+1 44
+4 22
+1 22
+3 22
+1 22
+1 22
+2 22
+1 22
+1 22
+4 22
+1 22
+1 22
+1 22
+1 22
+1 22
+7 3
+1 3
+2 3
+1 3
+2 3
+1 3
+1 3
+2 3
+1 3
+1 3
+4 3
+1 3
+1 3
+1 3
+1 3
+1 3
+41 23
+1 23
+1 23
+1 23
+1 23
+2 23
+1 23
+1 23
+1 23
+1 23
+1 23
+1 23
+1 14
+4 14
+1 14
+1 14
+6 14
+1 14
+1 28
+4 14
+1 14
+3 14
+1 14
+1 14
+2 14
+1 14
+1 14
+4 14
+1 14
+1 14
+1 14
+1 14
+1 14
+7 3
+1 3
+2 3
+1 3
+2 3
+1 3
+1 3
+2 3
+1 3
+1 3
+4 3
+1 3
+1 3
+1 3
+1 3
+1 3
+41 43
+1 43
+1 43
+1 43
+1 43
+2 43
+1 43
+1 43
+1 43
+1 43
+1 43
+1 43
+1 28
+4 28
+1 28
+1 28
+6 28
+1 28
+1 56
+4 28
+1 28
+3 28
+1 28
+1 28
+2 28
+1 28
+1 28
+4 28
+1 28
+1 28
+1 28
+1 28
+1 28
+7 3
+1 3
+2 3
+1 3
+2 3
+1 3
+1 3
+2 3
+1 3
+1 3
+4 3
+1 3
+1 3
+1 3
+1 3
+1 3
+41 39
+1 39
+1 39
+1 39
+1 39
+2 39
+1 39
+1 39
+1 39
+1 39
+1 39
+1 39
+1 15
+4 15
+1 15
+1 15
+6 15
+1 15
+1 30
+4 15
+1 15
+3 15
+1 15
+1 15
+2 15
+1 15
+1 15
+4 15
+1 15
+1 15
+1 15
+1 15
+1 15
+7 4
+1 4
+2 4
+1 4
+2 4
+1 4
+1 4
+2 4
+1 4
+1 4
+4 4
+1 4
+1 4
+1 4
+1 4
+1 4
+41 204
+1 204
+1 204
+1 204
+1 204
+2 204
+1 204
+1 204
+1 204
+1 204
+1 204
+1 204
+2 20
+4 20
+1 20
+1 20
+6 20
+1 20
+2 40
+4 20
+1 20
+3 20
+1 20
+1 20
+2 20
+1 20
+1 20
+4 20
+1 20
+1 20
+1 20
+1 20
+1 20
+7 1
+1 1
+2 1
+1 1
+2 1
+1 1
+1 1
+2 1
+1 1
+1 1
+4 1
+1 1
+1 1
+1 1
+1 1
+1 1
+43 277
+2 277
+1 277
+1 277
+1 277
-3 288
+1 288
+1 288
+1 288
+1 334
+5 167
+6 167
+1 167
+8 167
+1 167
-16 910
+6 910
+1 910
+8 910
+1 910

fn=(242)
98 1
+27 1
+1 1
+1 1
+1 1
+1 1
+2 1
+1 1
+2 1
+1 1
+21 1
+1 1
+1 1
+1 1
+1 1
+1 1
+1 1
+1 1
+17 1
+1 1
+1 1
+1 1
+1 1
+1 1
+1 1
2104 1
+3 1
+1 1
+2 1
+1 1
+8 1
+1 1

fl=(144)
fn=(470)
30 2
+10 3
-10 3
+10 1
-10 1
+10 1
-10 1
+7 1
+3 2
cfi=(145)
cfn=(472)
calls=1 +34 
* 257
+4 2
+1 8
+2 3
-2 1
+2 3
cfi=(145)
cfn=(472)
calls=1 +27 
* 247
+4 2
+1 7
+1 6

ob=(5)
fl=(161)
fn=(538)
0 12

fn=(1578)
0 9
cob=(2)
cfi=(332)
cfn=(1528)
calls=1 45 
0 78
0 1
cfn=(1586) 0x0000000000002040
calls=1 0 
0 5
0 3

fn=(1586)
0 5

ob=(8)
fl=(304)
fn=(1462) _Unwind_ForcedUnwind_Phase2
150 42
+13 6
-13 18
+2 6
-2 6
+1 6
+1 6
-2 6
fi=(305)
+83 18
fe=(304)
-76 18
+5 54
cfi=(305)
cfn=(1422) uw_frame_state_for
calls=18 992 
* 19608
* 18
cfi=(305)
cfn=(1422)
calls=6 992 
* 6270
+1 48
+8 24
-2 48
+2 168
cob=(2)
cfi=(302)
cfn=(1464)
calls=24 43 
* 2280
+2 36
+8 54
fi=(305)
1267 54
cfn=(1460) uw_update_context_1
calls=18 1142 
* 5130
+8 54
232 36
+2 36
+2 72
+12 54
+12 18
fe=(304)
-66 18
fi=(305)
1291 18
fe=(304)
194 18

fn=(1416)
207 36
+5 6
-5 6
+5 6
-5 24
+5 6
-5 18
+5 12
cfi=(305)
cfn=(1418) uw_init_context_1
calls=6 1324 
* 10422
+1 6
+3 6
+2 6
-3 6
+3 18
-5 174
+5 6
cfn=(1462)
calls=6 -68 
* 34248

fl=(301)
fn=(1402)
0 12

fn=(1598)
0 9
cob=(2)
cfi=(332)
cfn=(1528)
calls=1 45 
0 78
0 1
cfn=(1606) 0x0000000000005350
calls=1 0 
0 5
0 3

fn=(1606)
0 5

fl=(309)
fn=(1594)
58 2
+3 1
-3 1
+3 1
cfi=(335) /usr/src/debug/gcc/gcc/libgcc/unwind-dw2-btree.h
cfn=(1596) btree_destroy
calls=1 356 
* 16
+1 2
cfi=(335)
cfn=(1596)
calls=1 356 
* 16
+1 1
+1 2

fn=(1434) get_cie_encoding
345 150
+6 30
+1 30
-7 30
+7 30
cob=(2)
cfi=(165)
cfn=(562)
calls=30 52 
* 420
+1 30
-1 30
+1 60
+8 60
fi=(310) /usr/src/debug/gcc/gcc/libgcc/unwind-pe.h
140 30
+4 90
+18 60
+4 60
fe=(309)
366 60
+5 30
fi=(310)
137 30
+3 30
+4 60
fe=(309)
376 30
+8 30
-8 90
+1 30
+20 180
-30 60

fl=(298)
fn=(1396)
60 1
fi=(300) /usr/src/debug/gcc/gcc/libgcc/../gcc/common/config/i386/cpuinfo.h
1111 4
fe=(298)
60 1
fi=(299) /usr/src/debug/gcc/gcc-build/gcc/include/cpuid.h
310 1
fe=(298)
60 6
fi=(299)
310 1
+21 2
+3 4
fi=(300)
1124 2
fi=(299)
310 2
+21 2
+3 3
fi=(300)
1138 1
737 1
fi=(299)
334 1
fi=(300)
1138 1
fi=(299)
334 1
fi=(300)
1138 1
+1 4
+1 4
737 2
+24 2
92 1
763 2
92 1
765 2
92 1
767 2
92 1
+9 1
769 2
+2 2
+3 2
92 1
776 3
92 1
778 2
92 1
780 2
92 1
782 2
92 1
784 2
92 1
786 2
92 1
788 2
+2 2
+2 2
+2 2
92 1
796 2
+2 2
+2 2
+2 2
92 1
804 2
92 1
806 2
+5 2
+4 4
+1 2
92 1
818 2
+2 2
+2 2
+2 2
+2 2
92 1
828 2
+2 2
+3 2
92 1
835 2
+2 2
+2 2
+2 2
+2 2
+2 2
+2 2
+3 2
+2 2
+2 2
+2 2
+2 2
+2 2
+2 2
+2 2
+2 2
+4 2
+2 2
+2 2
+2 2
+2 2
+2 2
+9 2
+38 2
+56 2
+2 3
+1 2
+2 2
+2 2
+5 2
+50 3
+4 2
+2 2
+2 2
+2 2
+2 3
+2 2
+2 2
+2 2
+2 2
+2 2
+3 2
+2 2
+2 2
+3 2
+2 2
+2 2
+5 2
+2 2
+1 2
+2 2
75 1
1147 2
+16 1
75 1
1204 2
66 1
1205 2
-93 1
fe=(298)
62 1
+2 7
fi=(300)
743 2
+3 4
+7 5
+2 1
-1 1
-1 1
+1 2
1150 2
+6 3
350 4
1163 2
101 1
+2 1
-2 1
+2 1
-2 1
+2 1
-2 1
+2 1
-2 1
+2 1
-2 1
+2 1
-2 1
+2 1
735 2
101 1
1210 2
+1 2
+1 2
+1 2
101 4
1219 4
+1 2
+1 2
+1 2
+3 3
101 3
1233 3
350 2
750 2
-2 1
+2 4
101 1
+2 1
-2 1
+2 1
-2 1
+2 1
-2 1
+2 1
-2 1
+2 1
-2 1
+2 1
350 7
452 2
+2 1
fe=(298)

fl=(305)
fn=(1468)
267 24
+1 24
+1 24

fn=(1460)
1142 240
+1 672
306 24
1143 72
306 72
1165 48
317 48
+1 24
1171 24
319 24
1171 48
+74 24
-53 24
+3 24
+1 24
+49 48
-49 2592
334 108
1195 1296
206 24
+2 48
-3 48
+1 24
1257 192
318 108
+1 108
1204 216
317 324
1174 24
232 48
+2 48
+2 96
-3 24
+15 48
+12 24
1175 24
+1 24
-46 18
+36 18
-36 18
+1 18
317 36
+1 18
+1 36
1138 18

fn=(1422)
992 30
fi=(306) /usr/include/bits/string_fortified.h
59 90
fe=(305)
992 180
fi=(306)
59 30
fe=(305)
992 60
fi=(306)
59 450
fe=(305)
999 30
+1 30
+2 90
199 60
1005 30
199 30
1005 60
cfi=(307) /usr/src/debug/gcc/gcc/libgcc/unwind-dw2-fde-dip.c
cfn=(1426) _Unwind_Find_FDE
calls=30 537 
* 10536
* 30
+2 60
+12 30
fi=(358) /usr/src/debug/gcc/gcc/libgcc/unwind-dw2-fde.h
157 30
fe=(305)
1019 30
fi=(358)
157 60
fe=(305)
420 30
+1 60
cob=(2)
cfi=(165)
cfn=(562)
calls=30 52 
* 420
+7 30
-7 30
+7 30
+10 90
992 120
fi=(310)
140 60
+1 90
+1 30
-1 30
+3 60
fe=(305)
447 30
fi=(310)
155 30
+4 120
+3 90
+1 90
+1 30
-1 30
+3 60
+3 120
+1 90
fe=(305)
449 30
fi=(310)
172 30
-39 30
+4 30
fe=(305)
450 60
+1 30
fi=(310)
137 30
fe=(305)
457 30
+5 90
+10 60
+3 210
+41 60
977 30
fi=(358)
163 60
fe=(305)
977 60
+1 60
+55 30
fi=(310)
74 60
+3 210
fe=(305)
1033 30
+2 30
+6 30
-6 30
fi=(310)
137 30
-4 90
+7 60
+1 90
+1 30
-1 30
+3 60
fe=(305)
1041 60
-2 60
fi=(358)
163 30
fe=(305)
979 90
-2 30
fi=(358)
163 30
fe=(305)
977 30
+1 60
+78 240
fi=(310)
133 60
+7 60
+1 90
+1 30
-1 30
+3 60
fe=(305)
467 30
+5 30
-7 30
+3 30
+4 120
-21 90
+33 30
-12 30
+12 60
-12 120
979 30
cfi=(311) /usr/src/debug/gcc/gcc/libgcc/unwind-dw2-execute_cfa.h
cfn=(1442) execute_cfa_program_specialized
calls=30 33 
* 11550
fi=(312) /usr/src/debug/gcc/gcc-build/x86_64-pc-linux-gnu/libgcc/./md-unwind-support.h
116 60
fe=(305)
979 120
cfi=(311)
cfn=(1442)
calls=30 33 
* 5010
* 30

fn=(1454)
1317 1
+1 17
+1 1

fn=(1418)
1324 6
fi=(306)
59 12
fe=(305)
1324 18
+11 6
-11 12
+11 6
-11 24
fi=(306)
59 186
fe=(305)
1335 6
-4 12
+2 12
+2 6
cfn=(1422)
calls=6 992 
* 7878
+1 12
fi=(313) /usr/src/debug/gcc/gcc-build/x86_64-pc-linux-gnu/libgcc/./gthr-default.h
713 18
cob=(2)
cfi=(314)
cfn=(1450)
calls=6 136 
* 126
fe=(305)
1341 12
1130 12
+1 6
317 12
+1 6
+1 6
1356 12
-4 6
319 6
1353 6
+1 6
+2 6
cfn=(1460)
calls=6 1142 
* 1938
+5 6
+1 42

fl=(311)
fn=(1442)
33 60
+12 120
fi=(305)
963 840
199 60
fe=(311)
45 60
fi=(305)
199 60
fe=(311)
45 180
fi=(305)
199 420
fe=(311)
45 420
fi=(305)
199 420
fe=(311)
45 1260
+2 948
+4 1896
+2 684
+12 408
+7 1020
-20 396
+87 132
-94 264
+94 216
-94 684
fi=(305)
969 480
fe=(311)
55 138
fi=(310)
+82 138
fe=(311)
-82 138
fi=(310)
+78 414
+7 276
+1 414
+1 138
-1 138
+3 276
fe=(311)
-87 276
+2 276
+2 138
+1 276
+27 6
+1 6
-1 12
+2 6
-19 330
fi=(310)
+68 132
+1 198
+1 66
-1 66
+3 132
fe=(311)
+46 66
-1 66
+3 66
72 120
fi=(310)
+68 60
+1 90
+1 30
-1 30
+3 60
fe=(311)
+32 30
fi=(310)
-43 30
+4 120
+3 60
+1 90
+1 30
-1 30
+3 60
fe=(311)
+34 30
-1 30
+2 30
+1 30
72 72
fi=(310)
+68 48
+1 72
+1 24
-1 24
+3 48
fe=(311)
+40 24
-1 24
+2 24
+1 24

fl=(307)
fn=(1426)
537 360
fi=(335)
855 90
fe=(307)
551 90
cob=(2)
cfi=(308)
cfn=(1428)
calls=30 24 
* 2484
* 150
396 60
+3 30
-7 30
+7 60
+7 90
+1 30
+11 90
+1 60
575 270
423 60
+7 30
-1 30
+1 30
+8 60
+2 90
+14 30
-6 30
+6 90
-1 30
+3 150
+5 60
+5 630
+1 96
-6 408
+2 468
+1 1404
+1 216
+7 60
+3 60
fi=(358)
157 90
fi=(309)
402 30
cfn=(1434)
calls=30 -57 
* 1740
fi=(310)
74 60
+3 240
fe=(307)
490 30
-4 60
+5 60
+6 60
+1 90
+2 60
+2 30
-2 30
+3 30

fl=(335)
fn=(1596)
356 2
+3 2
-3 8
+3 2
+1 4
+4 6
+6 8

ob=(4)
fl=(155)
fn=(1546)
0 9
cob=(2)
cfi=(332)
cfn=(1528)
calls=1 45 
0 78
0 1
cfn=(1554) 0x0000000000001020
calls=1 0 
0 5
0 3

fn=(1554)
0 5

fn=(516)
0 12

ob=(7)
fl=(212) /home/omarm/Desktop/UNIMIB/Stage/Stage/Codes/C/Minimizer-Demo/src/utility.c
fn=(958) calculate_usage
356 8
+1 8
cob=(2)
cfi=(227)
cfn=(964)
calls=4 27 
* 24
cob=(1)
cfi=(187)
cfn=(664)
calls=1 39 
* 717
* 8
* 8
+4 8

fn=(780) mymalloc
6 1649228823
+1 1649228823
cob=(2)
cfi=(171)
cfn=(580)
calls=1649228823 3294 
* 545009290095
cob=(1)
cfi=(187)
cfn=(664)
calls=1 +32 
* 714
* 1649228827
+2 3298457646
+6 3298457646

fn=(824) supporting_length
129 94333627
+1 188667254
+5 471668135
+1 1886672540
-1 1226337151
+1 283000881
-1 377334508
+1 94333627
-1 188667254
+1 94333627
-1 94333627

fn=(878) djb2
91 41603613
+1 27735742
-4 55471484
+5 55471484
-2 41603613
+2 332828904
-2 263489549

fn=(1090) free_garray_Occurrence
313 51650
-1 103300
+5 129125
+1 25825
+1 25825
-2 25825
+2 25825
cob=(2)
cfi=(171)
cfn=(862)
calls=25825 3359 
* 2737362
* 25825
-1 87941
+1 87941
-2 87941
+2 87941
cob=(2)
cfi=(171)
cfn=(862)
calls=87941 3359 
* 9321746
* 87941
-2 227532
+6 25825
-1 51650
+1 51650
-1 25825
cob=(6)
cfi=(198)
cfn=(904)
calls=25825 513 
* 15401527
* 25825

fn=(1284) print_PAF_minimap
253 47799235
+9 13036155
+1 2172104
+1 4344208
+1 2172104
-1 4344208
+1 2172104
+3 13036155
+1 2172008
+1 4344016
+1 2172008
-1 4344016
+1 2172008
108 30408112
278 2172008
-2 4344016
108 30427278
278 2173377
-2 4346754
+2 2172104
cob=(6)
cfi=(168)
cfn=(1314)
calls=2172104 1678 
* 168564440
cob=(1)
cfi=(187)
cfn=(664)
calls=1 39 
* 786
* 2172108
* 4344208
+7 6587763
cob=(2)
cfi=(263)
cfn=(1118)
calls=2195921 77 
* 79444504
* 2195921
+2 54898025
cob=(2)
cfi=(228)
cfn=(970)
calls=2195921 27 
* 8208256811
* 2195921
+4 2195921
-1 2195921
+1 13175526
-1 2195921
cob=(2)
cfi=(264)
cfn=(1120)
calls=2195921 +77 
* 70585766
* 2195921
-8 4346562
cob=(6)
cfi=(168)
cfn=(1052)
calls=2173281 1600 
* 2170961484
* 2173281
* 2173281
+9 17195712

fn=(1276) substring
17 69526160
+1 8690770
cob=(2)
cfi=(165)
cfn=(562)
calls=8690770 +34 
* 121728916
* 8690770
+2 69526160
+3 17381540
+2 26072310
cob=(2)
cfi=(171)
cfn=(580)
calls=8690770 3294 
* 365012646
* 8690770
* 8690770
+1 17381540
+3 43453850
cob=(2)
cfi=(284)
cfn=(1282)
calls=8690770 +25 
* 253167744
cob=(1)
cfi=(187)
cfn=(664)
calls=1 +10 
* 768
* 8690774
+1 8690770
-1 8690770
+4 60835390

fn=(1290) free_partial_GArray
294 33425856
-1 58495248
+2 16712928
-1 8356464
+1 8356464
cob=(2)
cfi=(171)
cfn=(862)
calls=8356464 3359 
* 1027194762
* 8356464
* 1507188620
-1 753594310
+1 753594310
cob=(2)
cfi=(171)
cfn=(862)
calls=753594310 3359 
* 92691899404
* 753594310
-1 1523901548
+3 33425856

fn=(1308) free_garray_of_pointers
300 93720
-1 140580
+4 46860
-4 46860
+4 140580
+3 13867871
cob=(2)
cfi=(171)
cfn=(862)
calls=13867871 3359 
* 1594805165
* 13867871
-3 69339355
+1 13867871
+1 27735742
+5 46860
-1 93720
+1 93720
-1 46860
cob=(6)
cfi=(198)
cfn=(904)
calls=46860 513 
* 17615179
* 46860

fn=(826) insertLex
153 885123316
+1 160931512
cob=(6)
cfi=(218)
cfn=(832)
calls=80465756 +4 
* 563260292
cob=(1)
cfi=(187)
cfn=(664)
calls=1 39 
* 717
* 80465760
* 13605392
cob=(6)
cfi=(218)
cfn=(832)
calls=6802696 +4 
* 47618872
* 6802696
+1 321375651
+1 146838747
-1 146838747
cob=(6)
cfi=(218)
cfn=(846)
calls=146838747 601 
* 734193735
cob=(1)
cfi=(187)
cfn=(664)
calls=1 39 
* 776
* 146838751
* 293677494
36 293677494
+1 293677494
+1 293677494
+4 88364966
-6 44491788
+2 161668574
-1 161668574
+3 485005722
158 146607216
cob=(6)
cfi=(218)
cfn=(854)
calls=73303608 618 
* 9555883865
cob=(1)
cfi=(187)
cfn=(664)
calls=1 39 
* 717
* 73303612
+2 219910824
+1 133001824
cob=(2)
cfi=(171)
cfn=(862)
calls=66500912 3359 
* 5758690787
cob=(1)
cfi=(187)
cfn=(664)
calls=1 39 
* 718
* 66500916
-7 133001824
cob=(6)
cfi=(218)
cfn=(832)
calls=66500912 +4 
* 465506384
* 66500912
+1 133001824
+9 80465756
-1 160931512
+1 321863024
-1 80465756
cob=(6)
cfi=(218)
cfn=(838)
calls=80465756 415 
* 10571697684
cob=(1)
cfi=(187)
cfn=(664)
calls=1 39 
* 719
* 80465760

fn=(870) fetch
166 399985780
+1 254028098
cob=(6)
cfi=(218)
cfn=(876)
calls=87015471 855 
* 696123768
cob=(1)
cfi=(187)
cfn=(664)
calls=1 39 
* 711
* 87015475
* 174030942
+1 14036630
cob=(6)
cfi=(218)
cfn=(884)
calls=7018315 515 
* 912510287
cob=(1)
cfi=(187)
cfn=(664)
calls=1 39 
* 703
* 7018319
+2 21054945
-3 174030942
cob=(6)
cfi=(218)
cfn=(832)
calls=87015471 -9 
* 609108297
* 87015471
* 174030942
+7 79997156
-1 79997156
+1 159994312
-1 79997156
cob=(6)
cfi=(218)
cfn=(876)
calls=79997156 855 
* 639977248
* 79997156

fn=(792) is_numeric
73 242521908
+1 80840636
-1 161681272
+3 633588288
+1 354070842
-3 46860
+8 93720
-1 80793776
+1 161587552

fl=(179)
fn=(1522)
0 9
cob=(2)
cfi=(332)
cfn=(1528)
calls=1 45 
0 78
0 1
cfn=(1536) 0x0000000000002d10
calls=1 0 
0 5
0 3

fn=(1536)
0 5

fn=(622)
0 12
cob=(2)
cfi=(180)
cfn=(624)
calls=1 242 
0 92232968967

fn=(636)
0 12

fn=(642)
0 8

fl=(282)
fn=(1238)
435 26468535552
+1 13234267776

fn=(1222) maximal_colinear_subset
495 60500268
+2 13444504
+6 13444504
-8 6722252
+8 13444504
-8 13444504
+8 6722252
cfi=(212)
cfn=(780)
calls=6722252 6 
* 174432677474
+1 6722252
-1 6722252
+1 6722252
cfi=(212)
cfn=(780)
calls=6722252 6 
* 2303644760
+3 13444504
-3 6722252
+3 134445040
+1 6722252
+2 6722252
-2 6722252
+2 6722252
cfi=(212)
cfn=(780)
calls=6722252 6 
* 349557104
-2 752563581
+2 752563581
-2 752563581
+2 752563581
cfi=(212)
cfn=(780)
calls=752563581 6 
* 146761579027
-86 759285833
+86 759285833
+3 759285833
-1 3796429165
-88 759285833
cob=(2)
cfi=(171)
cfn=(580)
calls=759285833 3294 
* 125046976628
* 759285833
* 1518571666
+2 759285833
+2 759285833
-2 759285833
+3 759285833
-5 759285833
cob=(2)
cfi=(171)
cfn=(580)
calls=759285833 3294 
* 150574492843
* 759285833
+90 759285833
+10 759285833
-10 759285833
-86 759285833
+1 759285833
+85 759285833
-88 759285833
+91 759285833
+1 759285833
+1 759285833
+1 759285833
+1 759285833
+2 759285833
+1 759285833
-17 2298024255
348 53778016
cfi=(212)
cfn=(780)
calls=6722252 6 
* 60075062790
+4 13444504
-4 6722252
+4 13444504
-2 33611260
+3 6722252
+1 6722252
+3 13444504
-1 20166756
-3 1499992082
+1 1499992082
+3 2999984164
-1 4499976246
+2 759285833
-6 759285833
+8 759285833
-8 4542270494
+9 747428501
-1 747428501
-8 5231999507
+13 13444504
+5 60500268
+1 6722252
+1 6722252
-2 13444504
+2 6722252
-2 13444504
+1 5135080
+1 5135080
-2 10270160
+2 5135080
-2 10270160
531 26889008
cob=(2)
cfi=(171)
cfn=(862)
calls=6722252 3359 
* 810771380
* 6722252
+1 13444504
cob=(2)
cfi=(171)
cfn=(862)
calls=6722252 3359 
* 844469066
* 6722252
+2 13444504
cfi=(212)
cfn=(780)
calls=6722252 6 
* 1257574988
+1 6722252
-1 6722252
+1 6722252
cfi=(212)
cfn=(780)
calls=6722252 6 
* 1126432465
+12 6722252
+3 13444504
-11 6722252
+11 13444504
-13 6722252
+3 6722252
+2 6722252
+2 6722252
+1 6722252
+2 6722252
+1 6722252
+4 6722252
-4 6722252
+2 6722252
cob=(6)
cfi=(283)
cfn=(1228)
calls=6722252 185 
* 598281428
cob=(1)
cfi=(187)
cfn=(664)
calls=1 39 
* 713
* 6722256
+2 6722252
-2 6722252
+2 40333512
+60 26889008
cob=(6)
cfi=(283)
cfn=(1234)
calls=6722252 496 
* 1441256350
cob=(1)
cfi=(187)
cfn=(664)
calls=1 39 
* 674
* 6722256
-60 2298024255
+1 3064032340
+2 3064032340
+56 1532016170
+3 1518571666
-62 759285833
+62 759285833
cfn=(1246) activate_Point_int
calls=759285833 474 
* 323380869644
-62 1518571666
+67 60500268
489 1532016170
+3 759285833
-50 1518571666
+2 759285833
+1 1518571666
+3 2277857499
+2 3037143332
cfn=(1238)
calls=759285833 -15 
* 2277857499
* 14381774896
cfn=(1238)
calls=3595443724 -15 
* 10786331172
+1 8709459114
+3 8703067548
-2 3592934353
+5 7185868706
+2 6391566
+3 5018742
-2 686412
+32 1372824
cob=(6)
cfi=(283)
cfn=(1244)
calls=686412 1016 
* 3432060
* 686412
* 1517198842
cob=(6)
cfi=(283)
cfn=(1244)
calls=758599421 1016 
* 3792997105
cob=(1)
cfi=(187)
cfn=(664)
calls=1 39 
* 723
* 758599425
+66 766008085
+1 766008085
-1 1532016170
+4 753403465
-1 1506806930
+45 746681213
+1 746681213
-1 746681213
+1 1493362426
-1 746681213
+1 746681213
-47 12604620
-1 12604620
+1 25209240
-70 13444504
cob=(6)
cfi=(283)
cfn=(1258)
calls=6722252 244 
* 160304810
cob=(1)
cfi=(187)
cfn=(664)
calls=1 39 
* 717
* 6722256
* 13444504
cob=(6)
cfi=(283)
cfn=(1244)
calls=6722252 1016 
* 33611260
* 6722252
* 6722252
+82 6722252
-1 20166756
+1 6722252
+4 6722252
-1 6722252
-4 6722252
+5 6722252
-4 13444504
+1 6722252
+4 13444504
-15 13444504
+1 6722245
+1 13444490
-1 13444490
+5 6722245
-5 47055715
+5 6722245
+1 13444490
-1 6722245
+1 13444490
+8 6722245
+20 6722245
-28 6722245
+6 13444490
-6 6722245
+28 6722245
334 20166735
569 14
+8 7
+20 7
-28 7
+6 14
-6 7
+28 7
334 21
+7 1532016170
-7 1532016170
+7 1532016170
cob=(2)
cfi=(171)
cfn=(862)
calls=1532016170 3359 
* 187563130392
* 1532016170
-7 3064032340
+1 1532016170
+1 4596048510
+1 3037143332
+1 759285833
cob=(2)
cfi=(171)
cfn=(862)
calls=759285833 3359 
* 92211005807
* 759285833
+1 759285833
+5 13444504
cob=(2)
cfi=(171)
cfn=(862)
calls=6722252 3359 
* 13989516348
* 6722252
601 13444504
cob=(6)
cfi=(283)
cfn=(1264)
calls=6722252 421 
* 67045822919
cob=(1)
cfi=(187)
cfn=(664)
calls=1 39 
* 705
* 6722256
+2 6722252
-23 35
+5 14
-5 14
+14 7

fn=(1246)
474 6833572497
+1 759285833
+1 759285833
-1 759285833
-33 1518571666
+2 759285833
+1 1518571666
+3 1518571666
+2 3037143332
cfn=(1238)
calls=759285833 -15 
* 2277857499
* 14495816832
cfn=(1238)
calls=3623954208 -15 
* 10871862624
+1 8766480082
+3 8760350220
-2 3621538609
+5 7243077218
+2 6129862
+3 4831198
-2 649332
+17 1298664
cob=(6)
cfi=(283)
cfn=(1244)
calls=649332 1016 
* 3246660
* 649332
* 1517273002
cob=(6)
cfi=(283)
cfn=(1244)
calls=758636501 1016 
* 3793182505
* 758636501
-9 2277857499
+3 752435865
+6 1518571666
+9 2933125368
-90 1572029824
cfn=(1248) g_tree_remove_internal_lower_bound.constprop.0
calls=393007456 118 
* 43774326093
+84 1179022368
-1 393007456
+1 393007456
-1 786014912
+7 392645162
-2 785290324
+2 2355870972
-2 392645162
cob=(6)
cfi=(283)
cfn=(1234)
calls=392645162 +12 
* 183096929796
* 392645162
-42 785290324
+27 13699936

fn=(1248)
118 3144059648
+10 2751052192
+5 393007456
-1 393007456
+1 393007456
+3 786014912
+17 4494009680
+3 1854429384
+1 3708858768
-18 7417717536
cfn=(1238)
calls=1854429384 435 
* 5563288152
+18 1831172
-18 7324688
cfn=(1238)
calls=1831172 435 
* 5493516
* 1572029824
cfn=(1238)
calls=393007456 435 
* 1179022368
+1 4498536024
+5 6789516
+3 1831172
-6 1831172
+7 3662344
+12 785920821
+3 1539818
cob=(6)
cfi=(283)
cfn=(1244)
calls=769909 1016 
* 3849545
* 769909
* 864000
cob=(6)
cfi=(283)
cfn=(1244)
calls=432000 1016 
* 2160000
* 432000
468 3605727
+3 1201909
164 2403818
-35 392645162
331 4323082016
173 1086882
+1 1644490
+3 188857
+2 188857
-2 188857
+2 91618
+12 29881
+1 59762
+1 59762
+18 822230
+82 1468370
+3 1133340
+11 453336
+6 386836
-46 96709
+25 96709
+1 193418
+20 442206
-46 221103
+25 221103
+1 442206
-1 362294
+1 724588
+3 862945
+30 1086882
cob=(6)
cfi=(169)
cfn=(858)
calls=362294 -52 
* 40993406
cob=(1)
cfi=(187)
cfn=(664)
calls=1 39 
* 707
* 362298
+2 362294
+2 724588
177 164474
+2 1230
+6 615
+1 1230
+1 1230
289 615
+5 75793
100 151586
+8 165212
-84 82606
+1 71314
+9 35657
-3 35657
+2 35657
+3 71314
-2 5646
-3 5646
+2 5646
+3 11292
+11 48380
+3 29028
+41 9676
299 19352
91 31627
299 63254
+8 113036
-6 226072
+1 56275
+5 561698
+4 663309
-15 1404245
-2 56275
100 112550
+2 363060
-37 20186
+1 10029
+9 10029
-9 10029
+6 10029
+8 40116
+24 10029
-24 10029
+3 30087
+8 10029
299 20058
80 322944
+24 80736
-24 80736
+3 242208
+8 80736
299 179564
+1 18092
+7 18092
-7 940
+7 940
-3 113522
28 5646
+1 11292
-7 80672
+2 161344
+1 54308
+9 27154
-3 27154
+11 27154
-3 27154
-3 54308
-2 53518
-3 53518
+11 53518
-3 53518
-3 107036
+11 11832
+3 2958
-11 2958
+3 2958
+32 2958
+29 2958
-38 2958
+10 2958
+7 5916
-17 2958
-26 77714
+3 77714
+32 77714
+29 77714
-38 77714
+10 77714
+7 155428
-17 77714
+1 59318
+9 29659
-3 29659
+2 29659
+6 29659
-3 59318
-2 51013
-3 51013
+2 51013
+6 51013
-3 102026
-38 126508
+3 94881
+27 64
+6 64
-5 64
+2 64
+5 64
-49 53518
+1 107036
+40 51013
+1 102026
217 469144
+21 183048
-1 183048
+8 366096
-7 81604
-1 81604
+8 314769
-7 606244
+9 151561
+1 303122
-3 606244
+2 91914
+1 183828
-3 367656
+2 151561
+4 151561
+1 151561
-1 151561
+1 151561
+3 303122
+2 303122
+3 197186
+1 98593
+2 98593
+1 98593
+13 197186
-16 52968
+2 52968
+1 52968
+13 105936
-6 557542
-1 1644388
+2 264652
+3 264652
+1 264652
+1 264652
+2 529304
+2 346904
+1 81604
+7 1058608
177 91200
+2 91200
-2 91200
+40 182400
+41 105936
+18 105936
-59 81622
-42 81622
+42 81622
+2 36
cob=(6)
cfi=(283)
cfn=(1340)
calls=18 +54 
* 162
* 18
+1 36
+6 36
+1 36
+62 18
-5 183696
-33 113091
-10 113091
+11 113091
-1 113091
-13 113091
+29 565455
+13 182400
-82 31856
cob=(6)
cfi=(283)
cfn=(1270)
calls=15928 300 
* 143352
cob=(1)
cfi=(187)
cfn=(664)
calls=1 39 
* 698
* 15932
+1 31856
+11 31856
+1 31856
+78 15928
-70 102400
cob=(6)
cfi=(283)
cfn=(1340)
calls=51200 +54 
* 460800
cob=(1)
cfi=(187)
cfn=(664)
calls=1 39 
* 749
* 51204
+1 102400
+11 102400
+1 102400
+57 212544

fl=(186)
fn=(1034) compute_k_finger_occurrences
172 9
+1 5
cob=(6)
cfi=(168)
cfn=(572)
calls=1 978 
* 408
cob=(1)
cfi=(187)
cfn=(664)
calls=1 39 
* 708
* 5
+2 1
-2 1
+2 6
+1 5
+2 3
-2 234295
+2 234297
+7 13867871
-7 13867871
+7 13867871
cfi=(212)
cfn=(780)
calls=13867871 6 
* 2804995692
+1 27735742
+5 13867871
-5 27735742
+5 27735742
-6 13867871
+1 55471484
+5 13867871
cob=(6)
cfi=(198)
cfn=(808)
calls=13867871 592 
* 1579173662
* 13867871
+1 55471484
cob=(6)
cfi=(168)
cfn=(1052)
calls=13867871 1600 
* 2146749380
cob=(1)
cfi=(187)
cfn=(664)
calls=1 39 
* 767
* 13867875
-14 27735742
+1 13867871
+1 13867871
-1 13867871
+1 27735742
cob=(6)
cfi=(168)
cfn=(1044)
calls=13867871 1477 
* 1065146480
cob=(1)
cfi=(187)
cfn=(664)
calls=1 39 
* 731
* 13867875
* 13867871
+2 27735742
+1 657812
cob=(6)
cfi=(198)
cfn=(710)
calls=164453 -45 
* 41594434
* 164453
* 328906
-8 281160
+21 12

fn=(1172)
198 36
+6 938
cob=(6)
cfi=(218)
cfn=(884)
calls=469 515 
* 82565
* 469
+1 469
-1 469
+1 469
cob=(2)
cfi=(264)
cfn=(1120)
calls=469 367 
* 15008
cob=(1)
cfi=(187)
cfn=(664)
calls=1 39 
* 818
* 473
+2 5159
cfn=(1198) compute_matches
calls=469 +21 
* 2240744960194
+7 938
cob=(2)
cfi=(171)
cfn=(862)
calls=469 3359 
* 53935
* 469
-12 1876
cob=(2)
cfi=(263)
cfn=(1118)
calls=469 77 
* 16884
* 469
* 12
cob=(2)
cfi=(263)
cfn=(1118)
calls=6 77 
* 216
cob=(1)
cfi=(187)
cfn=(664)
calls=1 39 
* 853
* 10
+1 950
cob=(6)
cfi=(218)
cfn=(832)
calls=475 -45 
* 3325
* 475
* 950
+14 12
cob=(2)
cfi=(264)
cfn=(1120)
calls=6 367 
* 192
* 6
+5 30
cob=(2)
cfi=(228)
cfn=(970)
calls=6 27 
* 5610
* 6
+2 12
cob=(2)
cfi=(293)
cfn=(1360)
calls=6 26 
* 165518
cob=(1)
cfi=(187)
cfn=(664)
calls=1 39 
* 731
* 10

fn=(1220)
98 9058665705
-1 9058665705
+4 9058665705
-1 27175997115
+3 6717544077
-1 6717544077
+3 11896339704
-4 2974084926
+4 5948169852
+2 4023318
+4 9058665705

fn=(1274) find_overlap
301 60500268
+1 13444504
-1 26889008
+1 6722252
+2 6390728
+2 6390728
+3 6390728
+7 6390728
-7 6390728
+2 6390728
+5 6390728
-5 6390728
-2 12781456
+2 6390728
+5 6390728
-7 6390728
+2 6390728
+5 25562912
+1 6390728
-1 19172184
+1 12781456
+2 12781456
+46 73944772
-45 57630744
-1 9605124
+2 8695036
-8 8695036
+1 4347518
+9 4347518
+13 4347518
-23 4347518
+1 4347518
+9 8695036
+5 4347518
-3 4347518
+1 4347518
+2 21737590
+4 4347518
-1 4347518
+3 26085108
+2 26080842
+3 26072310
+1 17381540
cob=(2)
cfi=(165)
cfn=(562)
calls=4345385 52 
* 60862752
* 4345385
+1 26072310
cfi=(212)
cfn=(1276)
calls=4345385 17 
* 552989771
+2 8690770
-2 4345385
+2 8690770
+1 13036155
cob=(2)
cfi=(165)
cfn=(562)
calls=4345385 52 
* 60866164
* 4345385
+1 21726925
cfi=(212)
cfn=(1276)
calls=4345385 17 
* 551932647
+3 4345385
+2 8690770
-5 4345385
+3 4345385
+10 4345385
-9 4345385
+1 8690770
+8 4345385
-10 4345385
+2 8690770
+8 4345385
-9 4345385
+1 4345385
+8 4345385
-10 4345385
+2 4345385
-2 4345385
+1 8690770
+9 4345385
-2 4345385
-6 13036155
-1 4345385
+1 13036155
-1 4345385
+1 4345385
+8 4345385
cfi=(212)
cfn=(1284)
calls=4345385 253 
* 10998379761
+2 8690770
cob=(2)
cfi=(171)
cfn=(862)
calls=4345385 3359 
* 406360915
* 4345385
+1 8690770
cob=(2)
cfi=(171)
cfn=(862)
calls=4345385 3359 
* 406367847
* 4345385
+4 4345385

fn=(1046)
165 45948998
+1 45948998

fn=(814) alg3
115 374880
+1 46860
-1 187440
+1 46860
-1 93720
+1 187440
cob=(6)
cfi=(198)
cfn=(710)
calls=46860 +22 
* 5529628
* 46860
* 46860
+1 46860
cob=(6)
cfi=(218)
cfn=(820)
calls=46860 -74 
* 3327208
cob=(1)
cfi=(187)
cfn=(664)
calls=1 -78 
* 640
* 46864
+3 93720
-2 46860
+2 46860
-3 46860
+3 93720
+13 140580
+1 374880
-13 93720
cfi=(212)
cfn=(780)
calls=46860 6 
* 4149404
* 159900592
cfi=(212)
cfn=(780)
calls=79950296 6 
* 5751647161
+7 239991468
-7 79997156
+1 159994312
+5 79997156
-3 79997156
+2 79997156
+2 79997156
cfi=(212)
cfn=(824)
calls=79997156 +1 
* 4239849268
+3 239991468
-3 79997156
+1 79997156
+2 159994312
-2 159994312
+2 159994312
cfi=(212)
cfn=(826)
calls=79997156 +22 
* 33243575344
+3 319988624
cfi=(212)
cfn=(870)
calls=79997156 +32 
* 4729951494
+2 79997156
-2 79997156
+3 79997156
-1 239991468
+1 239850888
-1 159900592
+3 41603613
cfi=(212)
cfn=(824)
calls=13867871 -10 
* 734997163
* 27735742
-19 320035484
+28 140580
+1 328020
-1 46860
+1 46860
-1 93720
+1 281160
-1 281160
+1 281160
-1 562320
+3 93720
cob=(6)
cfi=(218)
cfn=(832)
calls=46860 +7 
* 328020
* 46860
+1 46860
-1 140580
+1 46860
cob=(6)
cfi=(218)
cfn=(884)
calls=46860 515 
* 6105618
* 46860
* 96973
cob=(6)
cfi=(218)
cfn=(884)
calls=96973 515 
* 13051853
* 96973
+1 431499
-2 287666
cob=(6)
cfi=(218)
cfn=(832)
calls=143833 +7 
* 1006831
* 143833
+1 143833
-1 287666
+6 46860
cob=(6)
cfi=(218)
cfn=(894)
calls=46860 -97 
* 6708405
cob=(1)
cfi=(187)
cfn=(664)
calls=1 39 
* 644
* 46864
+1 187440
cob=(6)
cfi=(198)
cfn=(808)
calls=46860 592 
* 4249730
* 46860
+4 562320
-8 193946
cob=(2)
cfi=(171)
cfn=(862)
calls=96973 3359 
* 8937155
* 96973
* 96973
-14 69339355
cfi=(212)
cfn=(878)
calls=13867871 -49 
* 818204389
+1 13867871
+1 27735742
-1 13867871
+1 27735742
cob=(6)
cfi=(198)
cfn=(808)
calls=13867871 592 
* 1487095589
* 13867871
* 14149031
-9 281160
-12 93720
cfi=(212)
cfn=(780)
calls=46860 6 
* 2437558
* 843480
cfi=(212)
cfn=(780)
calls=421740 6 
* 33123952
+7 1405800
-7 468600
+1 937200
+5 468600
-3 468600
+2 468600
-6 468600
+8 468600
cfi=(212)
cfn=(824)
calls=468600 +1 
* 24835800
+3 1405800
-3 468600
+1 468600
+2 937200
-2 937200
+2 937200
cfi=(212)
cfn=(826)
calls=468600 +22 
* 174030854
-11 1218360

fn=(1072)
169 129933555
+1 43311185

fn=(656)
385 9
+3 1
+1 1
-4 3
+6 1
-3 1
+1 1
+3 1
+1 1
cob=(2)
cfi=(189)
cfn=(670)
calls=1 25 
* 35
cob=(1)
cfi=(187)
cfn=(664)
calls=1 39 
* 678
* 5
+2 4
+8 2
-1 6
cob=(2)
cfi=(191)
cfn=(678)
calls=1 30 
* 982
cob=(1)
cfi=(187)
cfn=(664)
calls=1 39 
* 738
* 5
* 2
+68 1
596 11
485 5
67 1
485 1
cob=(2)
cfi=(193)
cfn=(688)
calls=1 31 
* 321
cob=(1)
cfi=(187)
cfn=(664)
calls=1 39 
* 689
* 5
+1 4
cob=(6)
cfi=(198)
cfn=(710)
calls=1 138 
* 266
cob=(1)
cfi=(187)
cfn=(664)
calls=1 39 
* 686
* 5
+1 3
-1 1
+1 1
cob=(6)
cfi=(198)
cfn=(710)
calls=1 138 
* 266
* 1
+1 4
-1 3
+1 1
cob=(6)
cfi=(198)
cfn=(710)
calls=1 138 
* 266
* 1
* 1
+2 1
cob=(2)
cfi=(189)
cfn=(670)
calls=1 25 
* 35
* 1
* 3
+1 10
cob=(2)
cfi=(199)
cfn=(718)
calls=1 27 
* 1416
cob=(1)
cfi=(187)
cfn=(664)
calls=1 39 
* 697
* 5
* 187440
cob=(2)
cfi=(199)
cfn=(718)
calls=46860 27 
* 59635487
* 46860
* 93722
+3 46860
65 187440
cob=(6)
cfi=(198)
cfn=(710)
calls=46860 +73 
* 5529628
* 46860
+2 93720
-2 46860
+2 46860
cob=(2)
cfi=(206)
cfn=(760)
calls=46860 -35 
* 5060880
cob=(1)
cfi=(187)
cfn=(664)
calls=1 -28 
* 690
* 46864
+1 46860
-1 46860
+1 46860
cob=(2)
cfi=(165)
cfn=(562)
calls=46860 -16 
* 656040
cob=(1)
cfi=(187)
cfn=(664)
calls=1 -29 
* 764
* 46864
* 93720
cfi=(212)
cfn=(780)
calls=46860 -62 
* 2297003
+1 140580
cob=(2)
cfi=(213)
cfn=(790)
calls=46860 -5 
* 1171500
cob=(1)
cfi=(187)
cfn=(664)
calls=1 -30 
* 702
* 46864
+1 93720
+1 140580
cob=(2)
cfi=(206)
cfn=(760)
calls=46860 -39 
* 5295180
* 46860
* 242662488
cob=(2)
cfi=(206)
cfn=(760)
calls=80887496 -39 
* 9239429724
* 80887496
* 80934356
+2 161868712
+1 323456264
cfi=(212)
cfn=(792)
calls=80840636 -1 
* 1715224854
* 161681272
fi=(214) /usr/include/stdlib.h
483 323175104
cob=(2)
cfi=(215)
cfn=(800)
calls=80793776 116 
* 9227006040
cob=(1)
cfi=(187)
cfn=(664)
calls=1 39 
* 730
* 80793780
fe=(186)
76 242381328
fi=(214)
483 80793776
fe=(186)
76 80793776
cob=(6)
cfi=(198)
cfn=(808)
calls=80793776 592 
* 6859352498
cob=(1)
cfi=(187)
cfn=(664)
calls=1 -37 
* 736
* 80793780
+3 80793776
-5 93720
496 328020
cfn=(814)
calls=46860 115 
* 54922703961
+2 140580
-2 46860
+2 46860
cob=(6)
cfi=(198)
cfn=(808)
calls=46860 +94 
* 3896163
* 46860
+2 46860
+2 93720
-2 140580
+2 46860
-2 46860
+2 46860
cob=(6)
cfi=(198)
cfn=(808)
calls=46860 +90 
* 4106818
* 46860
+2 187440
cob=(6)
cfi=(198)
cfn=(808)
calls=46860 +88 
* 3881392
* 46860
+2 140580
cob=(6)
cfi=(198)
cfn=(904)
calls=46860 +7 
* 17365201
cob=(1)
cfi=(187)
cfn=(664)
calls=1 39 
* 698
* 46864
* 46860
+2 3
cob=(2)
cfi=(224)
cfn=(934)
calls=1 34 
* 486
cob=(1)
cfi=(187)
cfn=(664)
calls=1 39 
* 690
* 5
+1 1
cob=(2)
cfi=(189)
cfn=(670)
calls=1 25 
* 35
* 1
+2 1
-2 1
+2 1
+1 1
-1 1
cfi=(212)
cfn=(958)
calls=1 356 
* 736
+1 11
cob=(2)
cfi=(228)
cfn=(970)
calls=1 27 
* 4433
cob=(1)
cfi=(187)
cfn=(664)
calls=1 39 
* 747
* 5
+2 2
cfn=(1034)
calls=1 172 
* 8097202983
+2 1
-2 2
+2 1
cfi=(212)
cfn=(958)
calls=1 356 
* 15
+1 2
cob=(6)
cfi=(168)
cfn=(1078)
calls=1 2201 
* 5
cob=(1)
cfi=(187)
cfn=(664)
calls=1 39 
* 727
* 5
+1 4
-1 1
+1 3
cob=(2)
cfi=(228)
cfn=(970)
calls=1 27 
* 1795
* 1
+3 4
cob=(6)
cfi=(168)
cfn=(1084)
calls=1 2040 
* 38000520
cob=(1)
cfi=(187)
cfn=(664)
calls=1 39 
* 826
* 5
+2 2
cfi=(212)
cfn=(958)
calls=1 356 
* 15
+1 2
cob=(6)
cfi=(168)
cfn=(1078)
calls=1 2201 
* 5
* 1
+1 4
-1 1
+1 3
cob=(2)
cfi=(228)
cfn=(970)
calls=1 27 
* 1795
* 1
+2 1
+7 1
-7 2
+1 1
-1 2
+7 1
-7 1
+1 1
+6 1
-6 1
+6 5
+2 1
cob=(6)
cfi=(218)
cfn=(820)
calls=1 43 
* 71
* 1
+2 1
-2 1
+2 2
+2 5
+11 1
+5 1
-5 1
+5 1
cob=(6)
cfi=(218)
cfn=(838)
calls=1 415 
* 119
* 1
-16 470
+1 468
+2 468
-2 468
cfi=(212)
cfn=(780)
calls=468 6 
* 51246
* 1
+2 1
-2 1
cfi=(212)
cfn=(780)
calls=1 6 
* 49
+5 938
-3 469
-2 469
+5 1407
+1 938
+1 938
+2 1407
+6 936
cob=(6)
cfi=(218)
cfn=(838)
calls=468 415 
* 55678
* 468
-16 937
+19 11
+3 1
+6 1
+2 2
-9 1
+9 1
-11 1
+5 1
-2 1
+1 1
-4 1
+11 1
-3 1
-4 1
+3 1
+2 1
-2 1
-2 1
+6 1
cob=(2)
cfi=(254)
cfn=(1098)
calls=1 +56 
* 622024
cob=(1)
cfi=(187)
cfn=(664)
calls=1 39 
* 873
* 5
-8 5
+6 5
+2 10
-9 5
+9 5
-11 5
+5 5
-2 5
+1 5
-4 5
+11 5
-3 5
-4 5
+3 5
+2 5
-2 5
-2 5
+6 5
cob=(2)
cfi=(254)
cfn=(1098)
calls=5 +56 
* 131602
* 5
-11 18
+14 5
+1 2
-1 1
+1 1
cob=(2)
cfi=(272)
cfn=(1148)
calls=1 23 
* 248
cob=(1)
cfi=(187)
cfn=(664)
calls=1 39 
* 778
* 5
* 10
-1 5
+1 5
cob=(2)
cfi=(272)
cfn=(1148)
calls=5 23 
* 1819
* 5
-1 12
+16 1
cob=(2)
cfi=(189)
cfn=(670)
calls=1 25 
* 35
* 1
+2 2
cfi=(212)
cfn=(958)
calls=1 356 
* 15
+2 7
cob=(2)
cfi=(228)
cfn=(970)
calls=1 27 
* 1585
* 1
+2 4

fn=(1198)
228 7504
+2 1407
+27 938
-27 1407
+4 187440
+3 93720
+1 140580
+1 46860
-2 93720
+1 46860
cob=(6)
cfi=(198)
cfn=(710)
calls=46860 138 
* 5530506
* 46860
+1 46860
-1 46860
+1 234300
+1 46860
+1 46860
-1 46860
+1 46860
-1 46860
+1 46860
cob=(6)
cfi=(168)
cfn=(1044)
calls=46860 1477 
* 4110850
* 46860
-1 13821011
+1 13821011
-1 13821011
+1 13821011
-1 13821011
+1 13821011
cob=(6)
cfi=(168)
cfn=(1044)
calls=13821011 1477 
* 1059325035
* 13821011
* 13867871
+2 27735742
+3 82524630
+1 13754105
+2 27508210
-3 748335335
+1 748335335
+2 1496670670
-2 775582623
+2 1551165246
-3 2327163867
-7 804156
+22 140580
cob=(6)
cfi=(198)
cfn=(1210)
calls=46860 921 
* 332315974329
cob=(1)
cfi=(187)
cfn=(664)
calls=1 39 
* 666
* 46864
+5 140580
-3 46640
+3 93280
-1 46640
+1 139920
+2 2310641874
+7 33425856
+9 25069392
+1 8356464
-1 8356464
cfi=(212)
cfn=(1290)
calls=8356464 +10 
* 99178096544
-18 33425856
+1 3081042392
+1 1540521196
+2 761950774
+3 761950774
-3 1523901548
-4 2285759042
+25 139920
cob=(6)
cfi=(198)
cfn=(904)
calls=46640 513 
* 2568590821
* 46640
* 660
cob=(6)
cfi=(198)
cfn=(904)
calls=220 513 
* 40480
* 220
+1 93720
cfi=(212)
cfn=(1308)
calls=46860 +8 
* 1751895674
+2 140580
-64 187440
+68 5159
-46 761950774
-6 761950774
+6 761950774
cfi=(212)
cfn=(780)
calls=761950774 6 
* 161648661901
+1 761950774
+1 1523901548
+3 1523901548
-5 761950774
+1 761950774
+1 761950774
+3 761950774
-3 761950774
+3 761950774
cob=(6)
cfi=(198)
cfn=(808)
calls=761950774 592 
* 69967472579
* 761950774
-11 2285852322
-7 40891783
+39 40333512
cfi=(282)
cfn=(1222)
calls=6722252 495 
* 1523936779024
+3 13444504
-1 20166756
+1 53778016
cfn=(1274)
calls=6722252 +20 
* 13908987005
* 20166756
+14 46860
cob=(6)
cfi=(168)
cfn=(1320)
calls=23430 1455 
* 197485337
cob=(1)
cfi=(187)
cfn=(664)
calls=1 39 
* 744
* 23434
* 23430
-60 70290
cob=(6)
cfi=(168)
cfn=(572)
calls=23430 978 
* 10690458
* 23430
* 46860

fn=(1088)
87 632060
+1 138701
-1 554804
-2 25825
+6 51650
cfi=(212)
cfn=(1090)
calls=25825 313 
* 28721847
+3 354731

totals: 2332979432892
